地址,郵遞區號
臺北市中山區中山北路3段55巷4樓7樓之3,104029.0
臺北市中山區林森北路557巷3號6樓,104031.0
臺北市中山區長安東路一段５３巷１６號七樓,104009.0
臺北市中山區林森北路３０８號六樓之５,104010.0
臺北市中山區中原街２２號２樓之１,104087.0
臺北市中山區雙城街１３巷１１號３樓之５,104628.0
臺北市中山區林森北路121號4樓之3,104007.0
臺北市中山區植福路２８６巷３２號三十樓,104053.0
臺北市中山區民權東路二段１９號４樓之１,104032.0
臺北市中山區民生東路二段１４７巷１２弄１號５樓,104620.0
臺北市中山區吉林路３９３巷１３號,104057.0
臺北市中山區龍江路２１巷２３號二樓,104099.0
臺北市中山區民生東路一段８７號五樓之３,1104019.0
臺北市中山區龍江路１２０巷９號４樓之２,104107.0
臺北市中山區四平街136號11樓之2,104075.0
臺北市中山區吉林路１６１巷２９號二樓,104021.0
臺北市中山區新生北路二段６８巷１３號７樓之６,104013.0
臺北市中山區林森北路107巷68號2樓,104007.0
臺北市中山區合江街１７０巷２２號５樓,104076.0
臺北市中山區樂群二路２１４號二樓,104053.0
臺北市中山區建國北路三段７１號三樓之１,104066.0
臺北市中山區新生北路二段28巷1號3樓之5,104012.0
臺北市中山區建國北路二段258巷11號5樓,104071.0
臺北市中山區五常街11巷5號十六樓之3,104066.0
臺北市中山區林森北路１１９巷２０號４樓之１,104077.0
臺北市中山區長安東路一段５６巷７弄２２之１號三樓,104406.0
臺北市中山區松江路８號４樓之１２,104093.0
臺北市中山區中山北路二段４２巷１８號八樓之１,104016.0
臺北市中山區雙城街13巷22號4樓之2,104028.0
臺北市中山區明水路５５５號３樓之３０,104047.0
臺北市中山區農安街３４號４樓之１０,104030.0
臺北市中山區新生北路三段1號8樓之6,104032.0
臺北市中山區遼寧街105巷35號3樓之1,104105.0
臺北市中山區復興北路448號7樓,104062.0
臺北市中山區基湖路１５７巷９號８樓,104052.0
臺北市中山區新生北路三段２１號八樓之１,104032.0
臺北市中山區民權東路一段６１之１號六樓,104028.0
臺北市中山區中山北路二段２７巷１７號六樓之１０,104004.0
臺北市中山區龍江路４１２巷１號四樓,104060.0
臺北市中山區新生北路一段４８號7樓,104609.0
臺北市中山區錦州街２３巷１２號四樓之２,104015.0
臺北市中山區松江路８號三樓之１３,104093.0
臺北市中山區新生北路二段６８巷８號１２樓之６,104013.0
臺北市中山區松江路２號十三樓之５,104093.0
臺北市中山區德惠街１０號十一樓之１,104030.0
臺北市中山區長安東路二段１６６號十樓之５,104099.0
臺北市中山區長安東路二段１６６號十樓之３,104099.0
臺北市中山區錦州街１６號７樓之２,104014.0
臺北市中山區五常街９５號３樓,104062.0
臺北市中山區新生北路二段６２巷１２號三樓之３,104012.0
臺北市中山區新生北路二段６６號十一樓之２,104012.0
臺北市中山區民生東路一段７２號十樓之５,104017.0
臺北市中山區吉林路４５５號４樓,104055.0
臺北市中山區遼寧街６２巷１４號,104104.0
臺北市中山區市民大道三段１６９號2樓之2,104100.0
臺北市中山區樂群二路282號10樓之1,104053.0
臺北市中山區天祥路16巷9號5樓,104019.0
臺北市中山區新生北路二段６０巷４３號六樓,104012.0
臺北市中山區雙城街１９巷８號七樓之１１,104039.0
臺北市中山區林森北路１３８巷１３號四樓之１,104004.0
臺北市中山區林森北路４１３號十樓之８,104013.0
臺北市中山區新生北路二段５３之２號１４樓,104087.0
臺北市中山區長安東路二段１６６號十樓之１,104099.0
臺北市中山區新生北路三段４３號十一樓之１２,104632.0
臺北市中山區民生東路一段２７巷１１號六樓,104019.0
臺北市中山區中山北路二段１３７巷１號六樓之１,104015.0
臺北市中山區復興北路２８號五樓之２,104102.0
臺北市中山區建國北路一段150號7樓之2,104096.0
臺北市中山區農安街19號4樓之5,104029.0
臺北市中山區林森北路483號4樓之5,104613.0
臺北市中山區北安路５６５巷１號六樓之１,104041.0
臺北市中山區撫順街２號二樓之５,104026.0
臺北市中山區復興北路１７４號６樓,104509.0
臺北市中山區明水路３９７巷７弄２３號５樓,104046.0
臺北市中山區新生北路三段６１號四樓之６,104632.0
臺北市中山區合江街１０２巷２１號,104083.0
臺北市中山區龍江路２８６巷２號,104077.0
臺北市中山區新生北路二段68巷8號十二樓之7,104013.0
臺北市中山區復興北路１７８號十二樓之３,104509.0
臺北市中山區長安東路二段１６２之１號６樓之１,104499.0
臺北市中山區林森北路575號五樓之17,104431.0
臺北市中山區敬業三路１６２巷１８６號二樓,104053.0
臺北市中山區新生北路三段56巷1號7樓之7,104039.0
臺北市中山區德惠街６號九樓,104030.0
臺北市中山區民生東路一段７０巷１１號五樓之１２,104013.0
臺北市中山區復興北路４４８號二樓之５,104062.0
臺北市中山區長春路247號八樓之7,104110.0
臺北市中山區林森北路５３８號八樓之１,104030.0
臺北市中山區新生北路二段76號3樓,104013.0
臺北市中山區復興北路５０號１１樓之２,104102.0
臺北市中山區撫順街１５號２樓之１,104026.0
臺北市中山區建國北路一段150號9樓,104096.0
臺北市中山區吉林路３４３巷３１號,104057.0
臺北市中山區新生北路二段７６號九樓,104013.0
臺北市中山區林森北路３９９巷１９號五樓之１,104013.0
臺北市中山區新生北路一段１０２巷１０號４樓之１,104007.0
臺北市中山區民權東路二段３號８樓,104032.0
臺北市中山區建國北路三段64號六樓,104069.0
臺北市中山區建國北路一段５０巷２７號七樓,104097.0
臺北市中山區新生北路三段56巷1號四樓之11,104039.0
臺北市中山區民權東路三段21號6樓之6,104078.0
臺北市中山區雙城街１３巷１１號１４樓之１,104628.0
臺北市中山區南京東路二段２３號二十一樓之３,104089.0
臺北市中山區遼寧街１９９巷２１號六樓,104105.0
臺北市中山區明水路650號6樓之6,104051.0
臺北市中山區植福路２８６巷３２號二十一樓,104053.0
臺北市中山區八德路二段３００巷５８號十三樓,104098.0
臺北市中山區新生北路三段５８號四樓之１０,104033.0
臺北市中山區長安東路二段１７８號４樓之３,104101.0
臺北市中山區長春路６１巷２０號三樓,104012.0
臺北市中山區松江路３１３巷８號４樓,104070.0
臺北市中山區長春路１８４號七樓之１,104082.0
臺北市中山區林森北路85巷62號8樓,104009.0
臺北市中山區民權東路一段１７號八樓,104028.0
臺北市中山區林森北路３０８號七樓之２,104010.0
臺北市中山區北安路５５４巷３９號六樓,104045.0
臺北市中山區新生北路3段82巷2號9樓之2,104035.0
臺北市中山區民權東路一段７７號十六樓,104028.0
臺北市中山區林森北路351號14樓之1,104013.0
臺北市中山區中山北路二段５９巷４４弄３號三樓之１,104011.0
臺北市中山區敬業三路１６２巷１１３號五樓,104051.0
臺北市中山區天祥路８０號八樓之２,104627.0
臺北市中山區八德路二段66號8樓之9,104097.0
臺北市中山區北安路５９５巷９號四樓,104041.0
臺北市中山區伊通街１９巷２７號四樓,104096.0
臺北市中山區新生北路二段６８巷８號九樓之７,104013.0
臺北市中山區北安路４５８巷４７弄１３號８樓,104044.0
臺北市中山區德惠街３４號八樓之６,104030.0
臺北市中山區民權東路二段152巷6弄1號3樓,104070.0
臺北市中山區復興北路１７０號九樓之１,104509.0
臺北市中山區中山北路二段84巷1號7樓,104017.0
臺北市中山區吉林路４７號五樓,104092.0
臺北市中山區中山北路二段115巷11號5樓之7,104014.0
臺北市中山區新生北路3段82巷2號3樓之4,104035.0
臺北市中山區長春路100號11樓,104489.0
臺北市中山區龍江路262號6樓,104081.0
臺北市中山區林森北路５３８號二樓之３,104030.0
臺北市中山區中原街４６之３號六樓,104087.0
臺北市中山區龍江路３５６巷５６號四樓,104065.0
臺北市中山區合江街５８巷２５號三樓,104082.0
臺北市中山區中山北路二段５９巷４５號１５樓之１４,104011.0
臺北市中山區新生北路二段７２巷１７號９樓,104013.0
臺北市中山區新生北路三段５６巷２１號２樓,104639.0
臺北市中山區撫順街１５號６樓之３,104026.0
臺北市中山區龍江路２２３巷２４號４樓,104111.0
臺北市中山區中山北路二段９３巷８號三樓,104014.0
臺北市中山區朱崙街６１號六樓,104104.0
臺北市中山區中山北路二段59巷18號2樓之1,104011.0
臺北市中山區新生北路二段３１巷６號三樓,104489.0
臺北市中山區長安東路一段５６巷１弄２號二樓,104006.0
臺北市中山區新生北路二段68巷9號2樓之1,104013.0
臺北市中山區復興北路１７０號十二樓,104509.0
臺北市中山區大直街57巷31號4樓,104040.0
臺北市中山區吉林路411號5樓,104055.0
臺北市中山區中山北路二段７７巷１７號五樓之２,104011.0
臺北市中山區龍江路120巷9號6樓之7,104107.0
臺北市中山區民權東路二段９２巷１弄６號五樓之２,104022.0
臺北市中山區新生北路二段６０巷４３號三樓,104012.0
臺北市中山區合江街１８２號二樓,104076.0
臺北市中山區中山北路三段３８號五樓之１,104027.0
臺北市中山區明水路４５３號４樓,104046.0
臺北市中山區中山北路三段２號七樓,104027.0
臺北市中山區新生北路二段１０８號六樓之８,104624.0
臺北市中山區長春路100號4樓,104489.0
臺北市中山區新生北路二段76號12樓之1,104013.0
臺北市中山區北安路564號4樓,104045.0
臺北市中山區新生北路二段３１之１號十樓之５,104489.0
臺北市中山區吉林路199巷25號三樓,104021.0
臺北市中山區新生北路２段58巷18號,104012.0
臺北市中山區中山北路一段５３巷２６號七樓之７,104005.0
臺北市中山區農安街１２５巷３７之３號,104034.0
臺北市中山區植福路２８６巷２８號十八樓,104053.0
臺北市中山區龍江路155巷1號3樓之1,104106.0
臺北市中山區南京東路一段13巷7弄2之7號,104010.0
臺北市中山區長安東路一段20號4樓之6,104006.0
臺北市中山區農安街10之1號10樓之1,104029.0
臺北市中山區撫順街２５號四樓之５,104027.0
臺北市中山區南京東路三段８９巷２７弄１６號五樓,104107.0
臺北市中山區民權東路2段156號6樓,104071.0
臺北市中山區建國北路一段９２巷６號７樓,104096.0
臺北市中山區新生北路二段36號11樓之4,104612.0
臺北市中山區長春路２５８巷２２弄１號,104108.0
臺北市中山區新生北路3段43之3號,104632.0
臺北市中山區民生東路一段２５號七樓之２７,104619.0
臺北市中山區敬業三路１６２巷３５號六樓,104050.0
臺北市中山區新生北路二段７４號九樓之４,104013.0
臺北市中山區堤頂大道二段350號5樓之1,104053.0
臺北市中山區吉林路４７之３號,104092.0
臺北市中山區林森北路263號6樓之22,104612.0
臺北市中山區中原街４６號五樓,104087.0
臺北市中山區天祥路８０號１１樓之５,104627.0
臺北市中山區明水路３９７巷７弄４６號６樓之２,104046.0
臺北市中山區新生北路二段７２巷２３號２樓之５,104013.0
臺北市中山區龍江路342巷51號2樓,104065.0
臺北市中山區復興北路６８巷７號二樓,104104.0
臺北市中山區北安路６２１巷６弄２２號四樓,104041.0
臺北市中山區北安路767巷12號4樓,104643.0
臺北市中山區渭水路２４號二樓,104094.0
臺北市中山區農安街20號4樓之7,104029.0
臺北市中山區中山北路二段115巷26號2樓,104615.0
臺北市中山區植福路286巷30號15樓,104053.0
臺北市中山區復興北路192號2樓之1,104112.0
臺北市中山區遼寧街101巷1號5樓之1,104104.0
臺北市中山區松江路４５巷４３號三樓,104094.0
臺北市中山區遼寧街１０１巷２５號3樓之3,104104.0
臺北市中山區錦州街３０巷１２號三樓之４,104014.0
臺北市中山區德惠街３２號四樓,104030.0
臺北市中山區明水路３９７巷７弄４９號五樓,104046.0
臺北市中山區中原街４６之３號七樓,104087.0
臺北市中山區中原街４６之１號四樓,104087.0
臺北市中山區中原街４６之3號5樓,104087.0
臺北市中山區建國北路一段5號二十二樓,104099.0
臺北市中山區新生北路三段56巷1號八樓之1,104039.0
臺北市中山區建國北路一段１號二十二樓,104099.0
臺北市中山區建國北路一段５號十六樓,104099.0
臺北市中山區新生北路二段１３３巷１２號六樓之２,104025.0
臺北市中山區建國北路一段７號十八樓,104099.0
臺北市中山區建國北路一段３號十七樓,104099.0
臺北市中山區建國北路一段７號二十一樓,104099.0
臺北市中山區建國北路一段３號二十一樓,104099.0
臺北市中山區建國北路一段３號二十二樓,104099.0
臺北市中山區建國北路一段７號十九樓,104099.0
臺北市中山區建國北路一段５號二十一樓,104099.0
臺北市中山區建國北路一段７號二十四樓,104099.0
臺北市中山區新生北路一段１１２號九樓之２,104007.0
臺北市中山區明水路４７５巷１９號３樓之２,104046.0
臺北市中山區林森北路458號9樓之2,104615.0
臺北市中山區八德路二段２４５號８樓之２,104101.0
臺北市中山區林森北路３４９號８樓之１,104013.0
臺北市中山區長安東路二段１１８之２號四樓,104094.0
臺北市中山區中山北路一段５３巷８號十一樓,104005.0
臺北市中山區建國北路一段７號十二樓,104099.0
臺北市中山區建國北路一段１號四樓,104099.0
臺北市中山區建國北路一段３號四樓,104099.0
臺北市中山區中原街４６號二樓,104087.0
臺北市中山區新生北路三段１１巷５１號四樓,104032.0
臺北市中山區建國北路一段７號四樓,104099.0
臺北市中山區建國北路一段５號十四樓,104099.0
臺北市中山區建國北路一段３號七樓,104099.0
臺北市中山區建國北路一段１號十六樓,104099.0
臺北市中山區建國北路一段１號五樓,104099.0
臺北市中山區建國北路一段１號九樓,104099.0
臺北市中山區建國北路一段５號四樓,104099.0
臺北市中山區建國北路一段７號十樓,104099.0
臺北市中山區建國北路一段７號十一樓,104099.0
臺北市中山區建國北路一段１號十四樓,104099.0
臺北市中山區新生北路二段６８巷８號八樓之１０,104013.0
臺北市中山區吉林路１３８號十樓,104085.0
臺北市中山區中山北路二段２７巷２號４樓之５,104004.0
臺北市中山區新生北路二段１３３巷１２號六樓之１,104025.0
臺北市中山區新生北路二段１３３巷１２號六樓,104025.0
臺北市中山區新生北路三段４３號八樓之９,104632.0
臺北市中山區新生北路三段９３巷６３號二樓,104033.0
臺北市中山區樂群二路５６號九樓,104048.0
臺北市中山區明水路３９７巷１８弄１０號２樓,104046.0
臺北市中山區興安街６３號８樓之２,104111.0
臺北市中山區建國北路二段３５號２樓之１１,104082.0
臺北市中山區民權東路一段72號三樓，三樓之1至11,104615.0
臺北市中山區吉林路456巷5號,104035.0
臺北市中山區松江路１８８巷２號六樓,104086.0
臺北市中山區伊通街1號4樓,104094.0
臺北市中山區雙城街28巷1號7樓之2,104030.0
臺北市中山區中山北路二段５９巷２１號五樓之１３,104011.0
臺北市中山區新生北路三段５６巷１號九樓之７,104039.0
臺北市中山區新生北路3段1號6樓之7,104032.0
臺北市中山區民權東路二段１５２巷１０號二樓,104070.0
臺北市中山區吉林路４４７巷１６號三樓,104055.0
臺北市中山區長安東路一段43巷5號3樓,104009.0
臺北市中山區新生北路三段４３號八樓,104632.0
臺北市中山區中山北路二段１１５巷３弄２０號二樓,104014.0
臺北市中山區長安東路一段５６巷７弄２２之１號二樓,104006.0
臺北市中山區長安東路一段５６巷７弄２０之１號五樓,104006.0
臺北市中山區長安東路一段５６巷７弄２２之１號五樓,104006.0
臺北市中山區長安東路一段５６巷７弄２２號三樓,104006.0
臺北市中山區長安東路一段５６巷７弄２２之１號,104006.0
臺北市中山區吉林路４４７巷１３號５樓,104055.0
臺北市中山區民權東路一段２５號９樓,104028.0
臺北市中山區林森北路３８３巷２２號２樓之１,104013.0
臺北市中山區農安街１０之１號８樓,104029.0
臺北市中山區合江街１１６巷１０號３樓,104083.0
臺北市中山區長春路２６７號二樓,104110.0
臺北市中山區明水路５８１巷１７號七樓之２,104047.0
臺北市中山區林森北路２６３號十一樓之３,104612.0
臺北市中山區民權東路二段１５２巷６弄１１號六樓,104070.0
臺北市中山區中原街４６之２號六樓,104087.0
臺北市中山區林森北路３４９號１４樓之１,104013.0
臺北市中山區新生北路三段４３號九樓之１３,104632.0
臺北市中山區北安路789號12樓之5,104043.0
臺北市中山區通北街118巷11號9樓,104036.0
臺北市中山區新生北路三段82號5樓之2,104035.0
臺北市中山區長安東路二段２０８號四樓,104101.0
臺北市中山區中山北路一段83巷5號7樓之21,104003.0
臺北市中山區伊通街５６號七樓,104095.0
臺北市中山區龍江路242號5樓,104081.0
臺北市中山區松江路２２６巷１５號五樓,104021.0
臺北市中山區北安路６３０巷１３號五樓,104047.0
臺北市中山區中原街４６之２號三樓,104087.0
臺北市中山區民生東路三段６５巷２弄５號３樓,104080.0
臺北市中山區民生東路一段25號八樓之13,104619.0
臺北市中山區基湖路120巷33號4樓,104052.0
臺北市中山區中原街４６號四樓,104087.0
臺北市中山區合江街９５號四樓,104081.0
臺北市中山區民生東路二段８３號七樓之１６,104620.0
臺北市中山區建國北路二段99號2樓之1,104083.0
臺北市中山區中山北路二段77巷29號八樓之1,104011.0
臺北市中山區民生東路一段７２號十二樓之１,104017.0
臺北市中山區八德路二段３１７號十樓,104101.0
臺北市中山區敬業三路１６２巷１１５號六樓,104051.0
臺北市中山區新生北路二段１０８號五樓之１,104624.0
臺北市中山區新生北路三段４３號八樓之５,104632.0
臺北市中山區南京東路一段132巷21號7樓之5,104008.0
臺北市中山區建國北路一段２３巷６０號八樓,104099.0
臺北市中山區民生東路一段２５號七樓之３８,104619.0
臺北市中山區建國北路一段１號二十三樓,104099.0
臺北市中山區建國北路一段３號二十三樓,104099.0
臺北市中山區建國北路一段１號二十一樓,104099.0
臺北市中山區建國北路一段１號十七樓,104099.0
臺北市中山區建國北路一段７號十六樓,104099.0
臺北市中山區復興北路２３４號３樓之１,104112.0
臺北市中山區新生北路一段１１０號７樓之１,104007.0
臺北市中山區長春路３１０號１３樓,104108.0
臺北市中山區松江路２７號８樓之７,104094.0
臺北市中山區中山北路二段１２２號八樓,104018.0
臺北市中山區新生北路二段６８巷８號８樓之１２,104013.0
臺北市中山區民族東路６０號五樓之８,104039.0
臺北市中山區中山北路三段３９號七樓之１２,104029.0
臺北市中山區基湖路112巷10號4樓,104052.0
臺北市中山區吉林路105號3樓,104085.0
臺北市中山區新生北路三段６８巷２５號四樓之２,104033.0
臺北市中山區建國北路三段７１號5樓之1,104066.0
臺北市中山區新生北路二段108號八樓之13,104624.0
臺北市中山區民生東路一段７２號十樓之５,104017.0
臺北市中山區南京東路二段１０８號十六樓,104491.0
臺北市中山區南京東路二段１０８號十六樓之１８,104491.0
臺北市中山區吉林路１６１巷２８號５樓之１,104021.0
臺北市中山區南京東路二段１０８號１６樓之１２,104491.0
臺北市中山區植福路２８６巷３８號１２樓,104053.0
臺北市中山區民生東路二段８３號５樓之１１,104620.0
臺北市中山區民權東路二段１３５巷２０弄１３號５樓,104068.0
臺北市中山區明水路５３７號２樓,104047.0
臺北市中山區合江街１９號二樓,104110.0
臺北市中山區中山北路三段28號11樓之7,104027.0
臺北市中山區吉林路407巷3號4樓,104055.0
臺北市中山區大直街39巷13號4樓,104040.0
臺北市中山區龍江路356巷50號2樓之1,104065.0
臺北市中山區農安街４３號五樓之１,104030.0
臺北市中山區錦州街１５９號六樓之１１,104624.0
臺北市中山區中原街４６之２號四樓,104087.0
臺北市中山區林森北路４０９號五樓之２６,104613.0
臺北市中山區新生北路三段43號11樓之28,104632.0
臺北市中山區新生北路二段68巷13號2樓之5,104013.0
臺北市中山區明水路５９６號８樓之１,104051.0
臺北市中山區松江路１３２巷１７之４號３樓,104092.0
臺北市中山區中山北路二段５９巷２６號５樓,104011.0
臺北市中山區長安東路二段２３０號五樓,104701.0
臺北市中山區建國北路一段５號二十樓,104099.0
臺北市中山區建國北路一段５號十八樓,104099.0
臺北市中山區建國北路一段７號十七樓,104099.0
臺北市中山區建國北路一段１號二十樓,104099.0
臺北市中山區新生北路二段73號五樓之17,104087.0
臺北市中山區建國北路三段７６號七樓,104069.0
臺北市中山區龍江路３５６巷５０號七樓,104065.0
臺北市中山區松江路５６２號四樓之３,104054.0
臺北市中山區八德路二段３１３號八樓,104101.0
臺北市中山區明水路557巷13號2樓,104047.0
臺北市中山區松江路204巷2之1號3樓,104086.0
臺北市中山區中原街４６之１號二樓,104087.0
臺北市中山區松江路170巷11號8樓,104086.0
臺北市中山區新生北路二段76號8樓之3,104013.0
臺北市中山區龍江路120巷9號8樓之8,104107.0
臺北市中山區建國北路二段１０６號五樓,104071.0
臺北市中山區復興北路232號9樓之1,104112.0
臺北市中山區龍江路３７０巷８號５樓,104065.0
臺北市中山區新生北路二段１３３巷１２號２樓之３,104025.0
臺北市中山區松江路164巷63號3樓,104088.0
臺北市中山區新生北路二段62巷8號17樓,104012.0
臺北市中山區中山北路二段１１８號六樓之７,104018.0
臺北市中山區撫順街31號7樓之7,104027.0
臺北市中山區長安東路二段16號7樓之1,104093.0
臺北市中山區通北街６５巷２弄２３號二樓,104037.0
臺北市中山區德惠街１７９號四層,104054.0
臺北市中山區建國北路一段７號七樓,104099.0
臺北市中山區中原街４６號六樓,104087.0
臺北市中山區明水路595號2樓,104047.0
臺北市中山區新生北路二段１０８號十二樓之２,104624.0
臺北市中山區中山北路三段５５巷１０號五樓之１,104029.0
臺北市中山區吉林路２１８巷８號３樓,104020.0
臺北市中山區吉林路22巷3號5樓,104084.0
臺北市中山區長春路１３７巷５號２樓,104088.0
臺北市中山區中原街４６之３號四樓,104087.0
臺北市中山區林森北路１０７巷８１號五樓之３,104007.0
臺北市中山區林森北路561號七樓之2,104031.0
臺北市中山區德惠街10號2樓之4,104030.0
臺北市中山區德惠街34號7樓之18,104030.0
臺北市中山區長春路137巷5號4樓之1,104088.0
臺北市中山區長春路88號9樓之3,104012.0
臺北市中山區合江街29號3樓之1,104110.0
臺北市中山區樂群二路172號4樓,104052.0
臺北市中山區林森北路655號10樓,104031.0
臺北市中山區南京東路一段13巷10號3樓,104010.0
臺北市中山區新生北路三段11巷16號3樓,104032.0
臺北市中山區敬業一路１１８號二樓,104051.0
臺北市中山區林森北路８５巷５６號等2 棟,104009.0
臺北市中山區新生北路三段７０號五樓之５,104033.0
臺北市中山區新生北路二段６８巷８號11樓之10,104013.0
臺北市中山區吉林路１６８巷２３號,104085.0
臺北市中山區南京東路二段２３號十樓,104089.0
臺北市中山區建國北路一段７號六樓,104099.0
臺北市中山區植福路２８６巷３０號七樓,104053.0
臺北市中山區植福路２８６巷２８號十七樓,104053.0
臺北市中山區雙城街４９巷１８號４樓,104031.0
臺北市中山區中山北路二段９３巷８號４樓之１２,104014.0
臺北市中山區南京東路三段８９巷１５弄８號３樓,104107.0
臺北市中山區雙城街３巷２號６樓之４,104628.0
臺北市中山區市民大道三段１６９號４樓之６,104100.0
臺北市中山區長春路146之1號,104088.0
臺北市中山區龍江路65巷18之1號5樓,104103.0
臺北市中山區農安街２４５號二樓,104069.0
臺北市中山區吉林路３６９號六樓之１４,104057.0
臺北市中山區新生北路二段62巷16號4樓之6,104012.0
臺北市中山區農安街10之1號12樓,104029.0
臺北市中山區敬業三路１６２巷１６４號,104050.0
臺北市中山區民權東路一段７９號五樓,104028.0
臺北市中山區雙城街3巷2號11樓之1,104628.0
臺北市中山區新生北路二段68巷9號12樓,104013.0
臺北市中山區八德路二段317號九樓,104101.0
臺北市中山區林森北路286號7樓之8,104010.0
臺北市中山區吉林路１２之８號三樓,104084.0
臺北市中山區錦西街３號五樓,104018.0
臺北市中山區松江路170巷9號2樓之1,104086.0
臺北市中山區中原街４６之３號二樓,104087.0
臺北市中山區林森北路１０７巷８２號五樓之３,104007.0
臺北市中山區長春路２４７號９樓,104110.0
臺北市中山區遼寧街１９９巷２１號６樓,104105.0
臺北市中山區南京東路二段１０８號十樓之２０,104491.0
臺北市中山區南京東路二段１０８號十樓之２１,104491.0
臺北市中山區農安街6號四樓之11,104029.0
臺北市中山區錦州街３０巷１１號六樓之７,104014.0
臺北市中山區新生北路二段68巷13號6樓之3,104013.0
臺北市中山區林森北路１１９巷８８號二樓,104007.0
臺北市中山區松江路７７巷１４號六樓,104095.0
臺北市中山區林森北路５３６號十一樓之８,104030.0
臺北市中山區雙城街４３巷１號四樓之１１,104031.0
臺北市中山區吉林路２５４號七樓2戶,104024.0
臺北市中山區合江街１２７巷３號四樓之１,104077.0
臺北市中山區新生北路三段８４巷４9號,104035.0
臺北市中山區新生北路二段６２巷１６號３樓,104012.0
臺北市中山區建國北路一段１５０號６樓之６、６樓之７,104096.0
臺北市中山區新生北路三段５６巷１號１１樓之７,104039.0
臺北市中山區農安街３４號９樓之２,104030.0
臺北市中山區龍江路７１巷１１號４樓,104104.0
臺北市中山區天祥路１６巷１５號７樓之３,104019.0
臺北市中山區建國北路二段１８６巷１３號３樓,104071.0
臺北市中山區新生北路二段４１巷１７號５樓,104087.0
臺北市中山區吉林路１４巷１１號６樓之１,104084.0
臺北市中山區長安東路一段８３之１號三樓,104009.0
臺北市中山區建國北路二段３巷１５號三樓之８,104108.0
臺北市中山區興安街５３之３號五樓,104111.0
臺北市中山區新生北路二段133巷18號3樓之2,104025.0
臺北市中山區中山北路二段２７巷１７號六樓之５,104004.0
臺北市中山區雙城街19巷8號2樓之6,104039.0
臺北市中山區八德路二段６６號三樓之１１,104097.0
臺北市中山區新生北路二段74號七樓之10,104013.0
臺北市中山區新生北路一段１０８之３號五樓之４,104007.0
臺北市中山區安東街21號7樓之1,104098.0
臺北市中山區五常街３１號十二樓之１,104064.0
臺北市中山區北安路５８８巷４６弄９號,104045.0
臺北市中山區林森北路１０７巷８１號四樓之６,104007.0
臺北市中山區建國北路一段１號二十四樓,104099.0
臺北市中山區南京西路１號七樓之１,104002.0
臺北市中山區建國北路一段５號二十四樓,104099.0
臺北市中山區建國北路一段７號二十二樓,104099.0
臺北市中山區建國北路一段７號二十三樓,104099.0
臺北市中山區建國北路一段７號二十樓,104099.0
臺北市中山區建國北路一段５號十七樓,104099.0
臺北市中山區農安街１３８之１號４樓,104056.0
臺北市中山區松江路１８號８樓之２,104093.0
臺北市中山區林森北路５０號１０樓之６,104404.0
臺北市中山區新生北路三段１號１０樓之９,104032.0
臺北市中山區長安東路二段１１８之２號８樓,104094.0
臺北市中山區建國北路一段３號十八樓,104099.0
臺北市中山區中山北路二段５２號九樓,104416.0
臺北市中山區錦州街１５９號五樓之４,104624.0
臺北市中山區農安街９號五樓之４,104029.0
臺北市中山區明水路５６１號十六樓,104047.0
臺北市中山區錦西街３１號四樓之５,104018.0
臺北市中山區新生北路二段１３３巷１３號二樓,104025.0
臺北市中山區吉林路２９９巷６號三樓,104057.0
臺北市中山區復興北路66號10樓之8,104104.0
臺北市中山區中山北路一段121巷19號2樓之2,104003.0
臺北市中山區新生北路二段５８巷５０號二樓,104012.0
臺北市中山區林森北路４０９號十二樓之２３,104613.0
臺北市中山區南京東路二段２３號七樓,104089.0
臺北市中山區林森北路306號四樓之4,104010.0
臺北市中山區明水路397巷2弄22號3樓之1,104046.0
臺北市中山區新生北路一段５６號１３樓,104609.0
臺北市中山區八德路二段３００巷５８號九樓之１,104098.0
臺北市中山區建國北路一段７號九樓,104099.0
臺北市中山區建國北路一段５號十一樓,104099.0
臺北市中山區建國北路一段１號十樓,104099.0
臺北市中山區建國北路一段５號十樓,104099.0
臺北市中山區建國北路一段１號十三樓,104099.0
臺北市中山區建國北路一段５號十二樓,104099.0
臺北市中山區建國北路一段１號十五樓,104099.0
臺北市中山區新生北路３段56巷1號2樓之13,104039.0
臺北市中山區新生北路二段７６號十樓之１０,104013.0
臺北市中山區新生北路三段４３號５樓之２６,104632.0
臺北市中山區松江路２６巷８號４樓,104093.0
臺北市中山區建國北路一段１號六樓,104099.0
臺北市中山區建國北路一段１號七樓,104099.0
臺北市中山區建國北路一段１號八樓,104099.0
臺北市中山區新生北路二段40號7樓,104612.0
臺北市中山區興安街100號14樓,104109.0
臺北市中山區南京東路三段48巷38號2樓之3,104103.0
臺北市中山區合江街１８８巷２１號六樓,104076.0
臺北市中山區新生北路二段１２７巷４２號,104024.0
臺北市中山區合江街１００巷２７號５樓,104083.0
臺北市中山區新生北路二段１０１巷１７號五樓,104087.0
臺北市中山區林森北路３４９號２０樓之１,104013.0
臺北市中山區中山北路一段８３巷１８號５樓之３,104003.0
臺北市中山區長春路２５８巷１０弄２之１號２樓,104108.0
臺北市中山區林森北路５８５號４樓之６,104031.0
臺北市中山區敬業三路１６２巷１７６號１２樓,104050.0
臺北市中山區天祥路８２號４樓,104627.0
臺北市中山區新生北路三段１號７樓之５,104032.0
臺北市中山區松江路６３巷１號６樓,104096.0
臺北市中山區雙城街２８巷１號９樓之１,104030.0
臺北市中山區建國北路一段１２４巷３號十樓,104096.0
臺北市中山區植福路２８６巷３２號十四樓,104053.0
臺北市中山區建國北路一段５號十三樓,104099.0
臺北市中山區建國北路一段７號十三樓,104099.0
臺北市中山區建國北路一段１號十八樓,104099.0
臺北市中山區新生北路二段１２７巷３２號二樓,104024.0
臺北市中山區復興北路７０號十樓之１,104104.0
臺北市中山區合江街１８０巷２５號六樓,104076.0
臺北市中山區民生東路二段3號12樓,104020.0
臺北市中山區合江街１０５巷２２號四樓,104081.0
臺北市中山區中山北路一段53巷8號9樓,104005.0
臺北市中山區北安路789號2樓之1,104043.0
臺北市中山區雙城街13巷22號7樓之2,104028.0
臺北市中山區長安東路二段１１８號,104094.0
臺北市中山區農安街77巷8號3樓,104034.0
臺北市中山區中山北路三段２８號九樓之９,104027.0
臺北市中山區新生北路三段７０號十樓之２,104033.0
臺北市中山區民生西路３巷２之２號四樓之１,104017.0
臺北市中山區林森北路107巷18號2樓之1,104007.0
臺北市中山區新生北路一段23號六樓之1,104093.0
臺北市中山區民族東路４５４號,104067.0
臺北市中山區新生北路二段６８巷８號3樓之7,104013.0
臺北市中山區新生北路三段１號十三樓之２５,104032.0
臺北市中山區新生北路二段６８巷１５號七樓之８,104013.0
臺北市中山區民族東路４１０巷６１號四樓,104064.0
臺北市中山區民生東路二段１１５巷２５弄１２號３樓,104021.0
臺北市中山區中山北路二段２７巷７號６樓,104004.0
臺北市中山區基湖路１３２號,104052.0
臺北市中山區吉林路１４４巷１１號７樓之１,104085.0
臺北市中山區復興南路一段４２號８樓之３,104098.0
臺北市中山區朱崙街９１號２樓,104104.0
臺北市中山區龍江路２０９巷２８號４樓,104111.0
臺北市中山區林森北路１０７巷６７號２樓之１,104007.0
臺北市中山區中山北路一段５３巷２６號７樓之３,104005.0
臺北市中山區建國北路一段150號四樓之2,104096.0
臺北市中山區遼寧街７６巷１１號４樓,104104.0
臺北市中山區中山北路一段８４號５樓之８,104001.0
臺北市中山區建國北路一段５號十九樓,104099.0
臺北市中山區中山北路一段１１５號１８樓,104003.0
臺北市中山區中山北路一段１０９號１８樓,104003.0
臺北市中山區林森北路５８５號三樓之8,104031.0
臺北市中山區明水路５５５號九樓之１２,104047.0
臺北市中山區建國北路三段５５號三樓之３,104066.0
臺北市中山區民生東路三段92號3樓之3,104112.0
臺北市中山區農安街1巷53號8樓,104029.0
臺北市中山區林森北路３９９巷２１號四樓之２,104013.0
臺北市中山區吉林路４０７巷１０號四樓,104055.0
臺北市中山區中山北路二段６５巷２７號,104011.0
臺北市中山區建國北路二段190號5樓,104671.0
臺北市中山區樂群二路１１６巷３３號二樓,104048.0
臺北市中山區四平街１０７號八樓之4,104075.0
臺北市中山區南京東路一段６２號３樓,104008.0
臺北市中山區龍江路１２０巷９號四樓之９,104107.0
臺北市中山區林森北路４０９號５樓之８,104613.0
臺北市中山區松江路170巷9號二樓,104086.0
臺北市中山區天祥路82號三樓之6,104627.0
臺北市中山區渭水路３巷２０號７樓,104094.0
臺北市中山區新生北路一段４７巷２７號２樓,104093.0
臺北市中山區林森北路５３６號９樓之８,104030.0
臺北市中山區民生東路三段１９號５樓,104083.0
臺北市中山區中山北路二段89號六樓,104014.0
臺北市中山區民生東路一段４２號九樓之３,104612.0
臺北市中山區林森北路４３２號三樓之３,104014.0
臺北市中山區八德路二段３１９號十三樓,104101.0
臺北市中山區中山北路二段７７巷１７號二樓之１,104011.0
臺北市中山區長春路２１０號七樓之３,104108.0
臺北市中山區八德路二段88巷3號4樓,104097.0
臺北市中山區吉林路３０６號４樓,104024.0
臺北市中山區民權西路６９號七樓,104026.0
臺北市中山區民權西路６９號七樓之１,104026.0
臺北市中山區林森北路１４５巷３８號四樓,104008.0
臺北市中山區松江路４２號八樓之４,104090.0
臺北市中山區龍江路６５巷６號二樓,104103.0
臺北市中山區錦州街50號5樓之28,104013.0
臺北市中山區五常街３１號四樓之２,104064.0
臺北市中山區龍江路１６６號四樓,104110.0
臺北市中山區龍江路１６６號二樓,104110.0
臺北市中山區建國北路一段７號十五樓,104099.0
臺北市中山區德惠街52號六樓之15,104030.0
臺北市中山區新生北路二段６２巷８號１２樓之３,104012.0
臺北市中山區合江街１９號３樓,104110.0
臺北市中山區民族東路426號四樓,104067.0
臺北市中山區北安路８２９號２樓之９,104043.0
臺北市中山區中山北路二段１１８號六樓之６,104018.0
臺北市中山區中山北路二段１１８號九樓之２,104018.0
臺北市中山區中山北路二段１１８號七樓之２,104018.0
臺北市中山區雙城街１９巷２２號六樓,104039.0
臺北市中山區長安東路一段５６巷７弄２８號四樓之１,104006.0
臺北市中山區長安東路一段５６巷７弄２８號五樓,104006.0
臺北市中山區民權東路二段１３５巷３０弄１４號五樓,104068.0
臺北市中山區吉林路３０４號四樓,104024.0
臺北市中山區長安東路一段５６巷７弄２６號,104006.0
臺北市中山區北安路458巷41弄25號4樓,104044.0
臺北市中山區松江路426號12樓之1,104054.0
臺北市中山區敬業三路１６２巷４０號七樓,104048.0
臺北市中山區德惠街45號六樓之5,104631.0
臺北市中山區中山北路二段１１８號四樓之５,104018.0
臺北市中山區建國北路一段１號十九樓,104099.0
臺北市中山區建國北路一段３號十九樓,104099.0
臺北市中山區建國北路一段７號三樓,104099.0
臺北市中山區林森北路１１９巷１９號四樓,104007.0
臺北市中山區大直街８號２樓,104037.0
臺北市中山區民生西路４５巷７弄９號５樓,104017.0
臺北市中山區北安路８２９號６樓之２,104043.0
臺北市中山區伊通街５２巷１４號２樓之１,104095.0
臺北市中山區民權東路一段４８號五樓之８,104615.0
臺北市中山區建國北路一段５號十五樓,104099.0
臺北市中山區建國北路一段３號十四樓,104099.0
臺北市中山區建國北路一段１號十二樓,104099.0
臺北市中山區建國北路一段３號十五樓,104099.0
臺北市中山區南京東路二段１０８號五樓之１９,104491.0
臺北市中山區龍江路384巷11號4樓,104060.0
臺北市中山區中山北路二段９３巷１７號四樓之１,104014.0
臺北市中山區林森北路145巷37號,104008.0
臺北市中山區林森北路１１９巷６之１號三樓,104007.0
臺北市中山區建國北路三段７１號5樓之8,104066.0
臺北市中山區建國北路一段３號五樓,104099.0
臺北市中山區建國北路一段３號六樓,104099.0
臺北市中山區建國北路一段３號十三樓,104099.0
臺北市中山區明水路５３９號９樓之２,104047.0
臺北市中山區北安路４５８巷４７弄３號４樓,104044.0
臺北市中山區長春路６２號５樓之２,104012.0
臺北市中山區復興北路２２８號１４樓之２,104112.0
臺北市中山區松江路２６巷３６號十一樓,104093.0
臺北市中山區新生北路二段６８巷８號11樓,104013.0
臺北市中山區林森北路５６１號六樓之６,104031.0
臺北市中山區長安東路一段５６巷７弄２６號五樓之１,104006.0
臺北市中山區長春路195號14樓之1,104082.0
臺北市中山區林森北路263號七樓之18,104612.0
臺北市中山區新生北路二段149巷12號三樓,104025.0
臺北市中山區明水路３９７巷７弄４６號六樓之４,104046.0
臺北市中山區明水路３９７巷７弄１７號六樓,104046.0
臺北市中山區龍江路４１５巷４８號,104063.0
臺北市中山區新生北路二段96號十一樓之25,104624.0
臺北市中山區林森北路409號三樓之18,104613.0
臺北市中山區通北街65巷2弄9號7樓,104037.0
臺北市中山區新生北路三段58號5樓,104033.0
臺北市中山區民權西路６３號十三樓,104026.0
臺北市中山區民權西路６３號十三樓之１,104026.0
臺北市中山區新生北路二段96號十一樓之22,104624.0
臺北市中山區長安東路二段１６６號１４樓之５,104099.0
臺北市中山區農安街２６號７樓之５,104030.0
臺北市中山區基湖路１１２巷５５號九樓,104052.0
臺北市中山區林森北路２５９巷９號三樓之３１,104012.0
臺北市中山區民生東路一段５４號十樓之５,104612.0
臺北市中山區新生北路三段５６巷１９號８樓之７、１９號、２１號、２５號,104639.0
臺北市中山區興安街６３號二樓之３,104111.0
臺北市中山區合江街37號五樓,104110.0
臺北市中山區林森北路85巷62號7樓之1,104009.0
臺北市中山區建國北路一段７號八樓,104099.0
臺北市中山區建國北路一段７號十四樓,104099.0
臺北市中山區建國北路一段２３巷６０號２樓之５,104099.0
臺北市中山區復興北路222號6樓之3,104112.0
臺北市中山區基湖路１１２巷６０號２樓,104052.0
臺北市中山區民權東路一段７２號十樓,104615.0
臺北市中山區新生北路二段66號七樓之22.七樓之23,104012.0
臺北市中山區民生東路一段４２號十一樓之１,104612.0
臺北市中山區民生東路一段４３號６樓,104019.0
臺北市中山區雙城街3巷2號14樓之8,104628.0
臺北市中山區農安街8號4樓之7,104029.0
臺北市中山區北安路４５８巷４１弄９號,104044.0
臺北市中山區林森北路483號3樓之2,104613.0
臺北市中山區中山北路二段５９巷２號六樓之５,104011.0
臺北市中山區新生北路二段７４號八樓之７,104013.0
臺北市中山區吉林路407巷16號三樓,104055.0
臺北市中山區建國北路三段７１號9樓之1,104066.0
臺北市中山區龍江路8號四樓之2,104099.0
臺北市中山區吉林路６３號六樓,104092.0
臺北市中山區建國北路一段３號二十樓,104099.0
臺北市中山區建國北路三段81巷14號,104066.0
臺北市中山區民生東路一段２６號１０樓之３,104011.0
臺北市中山區龍江路120巷9號5樓之15,104107.0
臺北市中山區中山北路二段１８３巷３之３號,104028.0
臺北市中山區德惠街１５８號六樓,104054.0
臺北市中山區新生北路三段１０號七樓之５,104033.0
臺北市中山區吉林路343巷25號四樓,104057.0
臺北市中山區吉林路４４７巷１６號四樓,104055.0
臺北市中山區建國北路一段１５０號六樓之１０,104096.0
臺北市中山區林森北路５５７巷３號三樓之２,104031.0
臺北市中山區松江路１３２巷３之１號二樓,104092.0
臺北市中山區南京東路三段８９巷２７弄１６號８樓,104107.0
臺北市中山區農安街１巷５３號９樓之１,104029.0
臺北市中山區林森北路１０７巷３２號５樓之２,104007.0
臺北市中山區林森北路５３６號５樓之８,104030.0
臺北市中山區長春路１９５號１１樓之１,104082.0
臺北市中山區新生北路二段６８巷１５號11樓之5,104013.0
臺北市中山區雙城街４３巷１號四樓之１３,104031.0
臺北市中山區新生北路三段93巷31號,104033.0
臺北市中山區建國北路一段５８號五樓之4,104097.0
臺北市中山區新生北路二段６８巷９號６樓之５,104013.0
臺北市中山區民權西路６５號十三樓,104026.0
臺北市中山區雙城街19巷8號6樓之16,104039.0
臺北市中山區雙城街13巷9號6樓之1,104628.0
臺北市中山區林森北路３９９巷１９號三樓之１,104013.0
臺北市中山區合江街２９號六樓,104110.0
臺北市中山區民生東路一段７７號六樓之８,104019.0
臺北市中山區松江路２６巷３６號六樓,104093.0
臺北市中山區中山北路二段１２８巷６弄５號３樓,104018.0
臺北市中山區松江路２８號１０樓之５,104093.0
臺北市中山區民生東路二段８３號七樓之１８,104620.0
臺北市中山區錦州街50號八樓之22,104013.0
臺北市中山區新生北路三段５８號七樓之１,104033.0
臺北市中山區民生東路二段115巷3號,104021.0
臺北市中山區民生東路一段７０巷１１號七樓,104013.0
臺北市中山區新生北路二段１３３巷１８號四樓之６,104025.0
臺北市中山區敬業三路174號,104048.0
臺北市中山區新生北路三段１號三樓之３,104032.0
臺北市中山區錦州街395號3樓,104078.0
臺北市中山區德惠街１１８號二樓,104034.0
臺北市中山區合江街170巷28號,104076.0
臺北市中山區復興北路192號8樓之4,104112.0
臺北市中山區雙城街19巷8號3樓之14,104039.0
臺北市中山區民權東路二段152巷10號2樓之1,104070.0
臺北市中山區南京東路一段132巷18號5樓之3,104008.0
臺北市中山區建國北路一段５號二十三樓,104099.0
臺北市中山區德惠街１０號六樓之８,104030.0
臺北市中山區吉林路１２４號四樓,104085.0
臺北市中山區農安街２０４巷７號五樓,104068.0
臺北市中山區林森北路１０７巷１２號二樓,104007.0
臺北市中山區雙城街２８巷１號十樓之１,104030.0
臺北市中山區新生北路二段７４號四樓,104013.0
臺北市中山區中山北路一段５３巷８號１１樓之１,104005.0
臺北市中山區建國北路二段９之２號３樓之５,104108.0
臺北市中山區民權東路一段４８號３樓之３,104615.0
臺北市中山區新生北路二段６２巷１６號三樓之５,104012.0
臺北市中山區中山北路一段５３巷３號三樓之５,104005.0
臺北市中山區四平街１０７號二樓之2,104075.0
臺北市中山區中山北路二段１１８號四樓之１,104018.0
臺北市中山區中山北路二段１１８號二樓之３,104018.0
臺北市中山區中山北路二段１１８號十樓之２,104018.0
臺北市中山區中山北路二段１１８號八樓之２,104018.0
臺北市中山區中山北路二段１１８號十三樓之３,104018.0
臺北市中山區新生北路二段７４號９樓之７,104013.0
臺北市中山區林森北路96號4樓之5,104004.0
臺北市中山區建國北路二段35號14樓之4,104082.0
臺北市中山區撫順街16號3樓,104026.0
臺北市中山區錦州街30巷11號6樓之22,104014.0
臺北市中山區中山北路一段84號6樓之6,104001.0
臺北市中山區復興北路428號6樓之1,104062.0
臺北市中山區龍江路292巷12號2樓,104077.0
臺北市中山區敬業三路162巷75號5樓,104051.0
臺北市中山區長安東路一段５０號六樓,104006.0
臺北市中山區德惠街１０號３樓之２,104030.0
臺北市中山區吉林路３６９號５樓之１４,104057.0
臺北市中山區南京東路二段１８６號７樓,104096.0
臺北市中山區民權東路二段１９號３樓之２,104032.0
臺北市中山區新生北路三段５８號４樓之６,104033.0
臺北市中山區中山北路一段３３巷３９之１號４樓,104005.0
臺北市中山區中山北路一段８３巷１６號四樓,104003.0
臺北市中山區伊通街129號4樓之2,104075.0
臺北市中山區農安街６號十三樓之７,104029.0
臺北市中山區新生北路二段１０８號１０樓之２４,104624.0
臺北市中山區新生北路二段28巷1號9樓之6,104012.0
臺北市中山區林森北路306號14樓之2、14樓之3,104010.0
臺北市中山區中山北路一段84號10樓之2,104001.0
臺北市中山區伊通街９１之２號,104075.0
臺北市中山區中山北路一段５３巷８號十二樓,104005.0
臺北市中山區民族東路５１２巷３４號二樓,104061.0
臺北市中山區民生東路二段１２７巷１５號三樓,104021.0
臺北市中山區新生北路二段１０１巷１１號二樓,104087.0
臺北市中山區農安街２０號四樓之２３,104029.0
臺北市中山區新生北路二段１０１巷１１號三樓,104087.0
臺北市中山區新生北路三段26號11樓之12,104033.0
臺北市中山區德惠街10號11樓之3,104030.0
臺北市中山區農安街125巷8號,104034.0
臺北市中山區中山北路一段８３巷１３號４樓之１４,104003.0
臺北市中山區民生東路一段４２號１２樓之１２,104612.0
臺北市中山區長安東路一段16號12樓之3,104006.0
臺北市中山區新生北路二段６２巷１６號１１樓之１,104012.0
臺北市中山區新生北路二段７６號八樓之８,104013.0
臺北市中山區新生北路二段68巷9號4樓之6,104013.0
臺北市中山區北安路４５８巷４７弄２０號四樓,104044.0
臺北市中山區農安街20號2樓之8,104029.0
臺北市中山區雙城街7巷6號四樓,104028.0
臺北市中山區基湖路151巷38號八樓,104052.0
臺北市中山區松江路164巷63號4樓之1,104088.0
臺北市中山區中山北路二段１１８號十三樓之２,104018.0
臺北市中山區新生北路一段47巷27號4樓之1,104093.0
臺北市中山區新生北路三段５６巷１號九樓之６,104039.0
臺北市中山區新生北路一段１０２巷１０號二樓之１,104007.0
臺北市中山區南京東路三段１０９巷９號三樓,104107.0
臺北市中山區農安街６號１０樓,104029.0
臺北市中山區長春路８８號１１樓之６,104012.0
臺北市中山區德惠街３巷１號３樓,104031.0
臺北市中山區天祥路５９號４樓,104026.0
臺北市中山區林森北路538號14樓之2,104030.0
臺北市中山區龍江路３１８巷３５號三樓,104064.0
臺北市中山區長春路88號四樓之11,104012.0
臺北市中山區農安街２０號六樓之１７,104029.0
臺北市中山區復興北路４４８號十樓之９、十樓之１０,104062.0
臺北市中山區松江路２號三樓之７,104093.0
臺北市中山區大直街３９巷１號三樓,104040.0
臺北市中山區林森北路５９０之２６號,104630.0
臺北市中山區長安東路二段１６號五樓,104093.0
臺北市中山區錦州街23巷1之1號12樓,104015.0
臺北市中山區林森北路85巷33號4樓,104009.0
臺北市中山區錦州街32號三樓,104014.0
臺北市中山區中山北路一段83巷16之1號5樓,104003.0
臺北市中山區新生北路三段２１號八樓之８,104032.0
臺北市中山區農安街１巷５５號三樓,104029.0
臺北市中山區市民大道三段169號7樓之3,104100.0
臺北市中山區德惠街１６３號四樓,104054.0
臺北市中山區農安街１４９號五樓,104056.0
臺北市中山區德惠街10號12樓之2,104030.0
臺北市中山區雙城街２５巷２號七樓之１,104030.0
臺北市中山區龍江路３５６巷４號五樓,104065.0
臺北市中山區林森北路310巷2號三樓之5,104011.0
臺北市中山區新生北路二段１１５巷５號２樓,104020.0
臺北市中山區吉林路３１５巷３６號６樓,104057.0
臺北市中山區德惠街8號5樓之2,104030.0
臺北市中山區長安東路二段１１８之２號６樓,104094.0
臺北市中山區中山北路二段７２巷９號３樓之５,104016.0
臺北市中山區中山北路二段１１５巷１４號二樓,104014.0
臺北市中山區松江路152號10樓之7,104488.0
臺北市中山區德惠街４５號五樓之１３,104631.0
臺北市中山區民生東路二段８３號四樓之３５,104620.0
臺北市中山區林森北路１２１號十三樓之１２,104007.0
臺北市中山區長安東路二段１０５號十二樓,104097.0
臺北市中山區南京東路一段３８號８樓,104008.0
臺北市中山區新生北路二段６８巷８號2樓之3,104013.0
臺北市中山區民權東路三段２１號三樓之５,104078.0
臺北市中山區建國北路三段１２７號六樓,104067.0
臺北市中山區中山北路二段７７巷３號三樓,104011.0
臺北市中山區松江路２０４巷３號,104086.0
臺北市中山區新生北路三段４３號三樓之２５,104632.0
臺北市中山區北安路５５４巷４７號三樓,104045.0
臺北市中山區南京東路二段２３號２３樓,104089.0
臺北市中山區長春路２３５號９樓之２,104110.0
臺北市中山區松江路２５巷５號５樓之２,104094.0
臺北市中山區敬業三路１６２巷１１２號,104048.0
臺北市中山區農安街１９號４樓之１,104029.0
臺北市中山區南京東路三段８９巷２７弄１０號２樓,104107.0
臺北市中山區長安東路二段１８９號十樓之１５,104102.0
臺北市中山區明水路５２６巷１號,104048.0
臺北市中山區明水路５２６巷１號二樓,104048.0
臺北市中山區民權東路一段７２號９樓,104615.0
臺北市中山區松江路22號五樓之1,104093.0
臺北市中山區伊通街５２巷１號三樓之３,104095.0
臺北市中山區雙城街１９巷８號6樓之20,104039.0
臺北市中山區林森北路３９９巷２６號四樓之５,104013.0
臺北市中山區新生北路二段６２巷１６號三樓,104012.0
臺北市中山區松江路133巷50號3樓,104074.0
臺北市中山區中山北路一段101號12樓之2,104003.0
臺北市中山區林森北路536號13樓之5,104030.0
臺北市中山區民生東路三段８８巷２號八樓之１,104112.0
臺北市中山區林森北路119巷29號4樓,104007.0
臺北市中山區松江路362巷75號5樓,104023.0
臺北市中山區中山北路二段５９巷１８號４樓,104011.0
臺北市中山區林森北路536號6樓之2,104030.0
臺北市中山區龍江路３５６巷１９號四樓,104065.0
臺北市中山區吉林路２號九樓之３,104084.0
臺北市中山區南京東路三段８９巷２７弄９號三樓,104107.0
臺北市中山區建國北路三段１６５號四樓,104067.0
臺北市中山區民生東路二段８３號七樓之３４,104620.0
臺北市中山區龍江路４５巷７號４樓,104102.0
臺北市中山區松江路１７０巷１１號２樓之１,104086.0
臺北市中山區新生北路二段３８號４樓之１,104612.0
臺北市中山區農安街1巷57號8樓之1,104029.0
臺北市中山區林森北路６５７號五樓之３,104031.0
臺北市中山區新生北路一段１１２號五樓之６,104007.0
臺北市中山區林森北路１０７巷３２號二樓之２,104007.0
臺北市中山區民生東路二段119號4樓,104621.0
臺北市中山區敬業三路１６２巷６號十樓,104048.0
臺北市中山區長安東路一段56巷1弄2號4樓,104006.0
臺北市中山區建國北路二段151巷20號4樓,104076.0
臺北市中山區北安路４５８巷２１號二樓,104044.0
臺北市中山區民生東路一段70巷11號五樓之1,104013.0
臺北市中山區長安東路一段56巷3號5樓,104006.0
臺北市中山區四平街136號5樓之1,104075.0
臺北市中山區新生北路一段54號9樓之1,104609.0
臺北市中山區明水路３９７巷１１號十樓之１,104046.0
臺北市中山區建國北路二段178號五樓,104071.0
臺北市中山區德惠街３巷１號４樓之２,104031.0
臺北市中山區林森北路４０９號３樓之１０,104613.0
臺北市中山區林森北路４０９號３樓之９,104613.0
臺北市中山區長安東路一段５３巷１之５號三樓之４,104009.0
臺北市中山區市民大道三段169號12樓,104100.0
臺北市中山區新生北路一段84號8樓,104609.0
臺北市中山區復興北路232號9樓之1,104112.0
臺北市中山區民族東路512巷13弄23號3樓,104061.0
臺北市中山區復興北路３２０巷９號四樓,104080.0
臺北市中山區民權東路一段58巷7號3樓之1,104015.0
臺北市中山區民生東路一段２６號六樓之１,104011.0
臺北市中山區新生北路二段６８巷８號2樓之13,104013.0
臺北市中山區樂群二路１５８號四樓,104052.0
臺北市中山區民生東路二段119號七樓,104621.0
臺北市中山區建國北路一段３號二十四樓,104099.0
臺北市中山區新生北路二段96號九樓之11,104624.0
臺北市中山區松江路3號地下,104094.0
臺北市中山區松江路3之1號,104094.0
臺北市中山區遼寧街１０１巷２３號四樓之１,104104.0
臺北市中山區錦州街１２號二樓之１,104014.0
臺北市中山區錦州街30巷12號8樓,104014.0
臺北市中山區明水路５５５號１５樓之３２,104047.0
臺北市中山區新生北路三段２１號６樓之３,104032.0
臺北市中山區樂群二路２６６巷８２號２樓,104053.0
臺北市中山區林森北路３９９巷１９號七樓之１,104013.0
臺北市中山區復興北路458號2樓,104062.0
臺北市中山區中山北路一段８４號三樓之３,104001.0
臺北市中山區中原街２２號四樓之１５,104087.0
臺北市中山區龍江路397巷42號四樓,104063.0
臺北市中山區農安街２２７巷３弄２８號五樓,104069.0
臺北市中山區中山北路二段７７巷６之５號四樓,104011.0
臺北市中山區中山北路二段７７巷６之５號五樓,104011.0
臺北市中山區龍江路356巷37號4樓,104065.0
臺北市中山區錦州街５０號８樓之８,104013.0
臺北市中山區林森北路３０６號１０樓之７,104010.0
臺北市中山區錦州街１１４號,104024.0
臺北市中山區中山北路一段８３巷５號６樓之２５,104003.0
臺北市中山區中山北路二段９３巷８號四樓之１,104014.0
臺北市中山區農安街34號8樓之9、之10,104030.0
臺北市中山區中山北路三段３９號１２樓之８,104029.0
臺北市中山區中山北路二段２７巷２號四樓之５,104004.0
臺北市中山區長春路６１巷２０號四樓之２,104012.0
臺北市中山區民生東路一段２９號八樓之５,104619.0
臺北市中山區中山北路二段１６８之５號三樓之３,104027.0
臺北市中山區樂群二路１７４號五樓,104052.0
臺北市中山區林森北路３８３巷２２號二樓之１,104013.0
臺北市中山區龍江路３５６巷４８號三樓,104065.0
臺北市中山區龍江路412巷35號,104060.0
臺北市中山區新生北路二段６２巷１６號十樓之２,104012.0
臺北市中山區松江路38巷21號,104090.0
臺北市中山區新生北路二段38號七樓,104612.0
臺北市中山區農安街４５號六樓之１,104030.0
臺北市中山區合江街118號四樓,104077.0
臺北市中山區雙城街４５號４樓,104031.0
臺北市中山區林森北路４１６巷１號５樓之５,104014.0
臺北市中山區興安街４５之１號２樓,104111.0
臺北市中山區天祥路８０號１０樓之４,104627.0
臺北市中山區龍江路３７７巷１７號４樓,104062.0
臺北市中山區錦州街４２６巷１弄２０號,104081.0
臺北市中山區北安路578巷8弄6號5樓之2,104045.0
臺北市中山區長安東路二段184號12樓之2,104101.0
臺北市中山區德惠街10號12樓,104030.0
臺北市中山區龍江路412巷51號2樓,104060.0
臺北市中山區林森北路２５９巷９號三樓之１１,104012.0
臺北市中山區吉林路４６１巷３５號一樓,104054.0
臺北市中山區長安東路一段43巷3號三樓,104009.0
臺北市中山區長安東路一段56巷1弄28號5樓,104006.0
臺北市中山區長安東路一段５６巷７弄２２之１號四樓,104006.0
臺北市中山區敬業三路１６２巷１１號十樓,104050.0
臺北市中山區龍江路356巷66號4樓,104065.0
臺北市中山區松江路31號6樓之2,104094.0
臺北市中山區德惠街８６號６樓,104034.0
臺北市中山區林森北路１３８巷３８號２樓,104004.0
臺北市中山區南京西路６號１１樓,104002.0
臺北市中山區八德路二段８８巷１１號４樓,104097.0
臺北市中山區民生東路一段48號9樓之7,104011.0
臺北市中山區通北街65巷2弄4號4樓,104037.0
臺北市中山區敬業三路１６２巷１３４號七樓,104048.0
臺北市中山區新生北路二段４５巷３６號二樓,104087.0
臺北市中山區長安東路一段101號3樓之5,104009.0
臺北市中山區民權東路三段５６號十樓之１,104678.0
臺北市中山區林森北路310巷2號2樓之4,104011.0
臺北市中山區天祥路56號六樓之3,104019.0
臺北市中山區中山北路二段５９巷２１號十樓之７,104011.0
臺北市中山區林森北路85巷36號二樓之4,104009.0
臺北市中山區長春路２８號五樓之５,104010.0
臺北市中山區長安東路一段２０號十一樓、十一樓之１,104006.0
臺北市中山區中山北路一段１２１巷３３號三樓之１,104003.0
臺北市中山區長安東路二段１８９號８樓之１３,104102.0
臺北市中山區南京東路二段１０８號１２樓之２７,104491.0
臺北市中山區松江路２７３號十三樓之６,104072.0
臺北市中山區雙城街１３巷２２號三樓之１,104028.0
臺北市中山區南京東路三段194巷5號5樓之3,104105.0
臺北市中山區長春路１００號四樓之９,104489.0
臺北市中山區天祥路４７巷１４號二樓,104019.0
臺北市中山區松江路２７號８樓之７,104094.0
臺北市中山區大直街５９號三樓,104040.0
臺北市中山區雙城街１９巷２２號三樓之４,104039.0
臺北市中山區林森北路263號四樓之13,104612.0
臺北市中山區植福路286巷36號十樓,104053.0
臺北市中山區民生西路３０號四樓之１,104017.0
臺北市中山區錦州街30巷12號8樓之4,104014.0
臺北市中山區民生東路二段８３號四樓之２４,104620.0
臺北市中山區吉林路３９３巷２３號４樓,104057.0
臺北市中山區松江路132巷17-4號4樓,104092.0
臺北市中山區農安街８８號３樓,104034.0
臺北市中山區天祥路４８巷２號４樓之６,104019.0
臺北市中山區松江路31號9樓之3,104094.0
臺北市中山區通北街６５巷２０號６樓,104037.0
臺北市中山區復興北路320巷19號,104080.0
臺北市中山區吉林路161巷33號,104021.0
臺北市中山區林森北路２５９巷９號７樓之７,104012.0
臺北市中山區建國北路一段２３巷６０號六樓之２,104099.0
臺北市中山區林森北路85巷95號5樓之1,104009.0
臺北市中山區民生東路一段７７號十樓之５,104019.0
臺北市中山區雙城街49巷18號二樓之1,104031.0
臺北市中山區大直街39巷7號,104040.0
臺北市中山區松江路８號十二樓之８,104093.0
臺北市中山區中山北路二段１１８號九樓之１,104018.0
臺北市中山區遼寧街１０１巷２弄２０號二樓,104104.0
臺北市中山區中山北路三段３８號三樓,104027.0
臺北市中山區中山北路一段１１３號２３樓,104003.0
臺北市中山區中山北路一段１１１號２３樓,104003.0
臺北市中山區長春路８８號十一樓之８,104012.0
臺北市中山區龍江路３０５巷５之１號,104078.0
臺北市中山區復興北路214號13樓之1,104112.0
臺北市中山區建國北路一段２９號十一樓之2,104099.0
臺北市中山區松江路８號六樓之１５,104093.0
臺北市中山區長安東路2段189號4樓之3,104102.0
臺北市中山區復興北路４４８號９樓,104062.0
臺北市中山區復興北路３５４之１號９樓,104079.0
臺北市中山區長春路２０號７樓之７,104610.0
臺北市中山區明水路５５５號９樓之３４,104047.0
臺北市中山區南京東路三段２１６巷２１之１號二樓,104105.0
臺北市中山區新生北路三段88巷30號4樓,104035.0
臺北市中山區林森北路306號12樓之3,104010.0
臺北市中山區農安街２２７巷３弄２８號四樓,104069.0
臺北市中山區中山北路二段93巷8號4樓之10,104014.0
臺北市中山區建國北路二段６６號4樓之2,104075.0
臺北市中山區新生北路三段２３號六樓之１,104032.0
臺北市中山區新生北路三段１號１４樓之１２,104032.0
臺北市中山區錦州街１２號八樓之１,104014.0
臺北市中山區四平街８５號二樓,104074.0
臺北市中山區德惠街５２號５樓之１９,104030.0
臺北市中山區林森北路１０７巷３０號六樓之３,104007.0
臺北市中山區長安東路二段１１８之１號十三樓,104094.0
臺北市中山區中山北路三段５５巷６號六樓,104029.0
臺北市中山區長安東路二段178之5號11樓之1,104101.0
臺北市中山區中山北路二段２７巷７號２樓,104004.0
臺北市中山區新生北路三段２１號３樓之４,104032.0
臺北市中山區中山北路二段59巷21號10樓之12,104011.0
臺北市中山區民權東路二段135巷27號5樓,104068.0
臺北市中山區合江街29號3樓,104110.0
臺北市中山區德惠街１６０號四樓,104054.0
臺北市中山區新生北路二段６８巷８號3樓,104013.0
臺北市中山區新生北路二段６８巷８號10樓之7,104013.0
臺北市中山區雙城街３巷２號十一樓之３,104628.0
臺北市中山區新生北路二段68巷30號六樓之10,104013.0
臺北市中山區松江路25巷5號6樓,104094.0
臺北市中山區中山北路二段93巷19號4樓之3,104014.0
臺北市中山區長春路１６０號１２樓,104088.0
臺北市中山區華陰街１９號４樓,104001.0
臺北市中山區農安街８號９樓之１０,104029.0
臺北市中山區南京東路二段１０８號１２樓,104491.0
臺北市中山區松江路１８４巷２６弄６號６樓之２,104086.0
臺北市中山區長春路３０２號３樓,104108.0
臺北市中山區新生北路三段２３號３樓之７,104032.0
臺北市中山區建國北路三段61號,104066.0
臺北市中山區新生北路二段72巷23號2樓之2,104013.0
臺北市中山區林森北路481號6樓,104613.0
臺北市中山區新生北路三段４３號八樓之１０,104632.0
臺北市中山區龍江路８號六樓之２,104099.0
臺北市中山區松江路１２４巷７號四樓,104092.0
臺北市中山區北安路６３０巷１６號五樓,104047.0
臺北市中山區德惠街８６號二樓,104034.0
臺北市中山區林森北路536號7樓之8,104030.0
臺北市中山區建國北路一段５號九樓,104099.0
臺北市中山區長安東路一段１６號十一樓之７,104006.0
臺北市中山區中山北路二段７７巷８號十一樓,104011.0
臺北市中山區建國北路一段４１號８樓,104099.0
臺北市中山區雙城街４３巷７號４樓之９,104031.0
臺北市中山區明水路５５５號九樓之２５,104047.0
臺北市中山區新生北路二段68巷9號5樓之1,104013.0
臺北市中山區民生東路一段54號4樓之1,104612.0
臺北市中山區通北街71號3樓,104037.0
臺北市中山區錦州街３２號十樓之２,104014.0
臺北市中山區新生北路二段６８巷８號9樓之6,104013.0
臺北市中山區新生北路二段６８巷８號4樓之15,104013.0
臺北市中山區新生北路二段６８巷８號2樓之7,104013.0
臺北市中山區中山北路二段93巷17號十一樓之3,104014.0
臺北市中山區建國北路二段220號11樓之1,104071.0
臺北市中山區農安街26號之2十二樓之1,104030.0
臺北市中山區中山北路一段１０９號２３樓,104003.0
臺北市中山區中山北路一段１１５號２３樓,104003.0
臺北市中山區龍江路394巷27號3樓,104060.0
臺北市中山區安東街19號7樓之2,104098.0
臺北市中山區北安路７８９號９樓之１,104043.0
臺北市中山區復興北路514巷56號六樓,104063.0
臺北市中山區中山北路二段１８３號三樓,104029.0
臺北市中山區中山北路二段１８３號十三樓,104029.0
臺北市中山區中山北路二段１８３號十三樓之１,104029.0
臺北市中山區中山北路二段１８３號十四樓,104029.0
臺北市中山區復興北路190巷1號14樓之2,104109.0
臺北市中山區建國北路二段35號4樓之2,104082.0
臺北市中山區長安東路一段５６巷７弄２２號四樓,104006.0
臺北市中山區中山北路二段１８３號十四樓之１,104029.0
臺北市中山區中山北路二段１８３號十六樓之２,104029.0
臺北市中山區中山北路二段１８３號十六樓之３,104029.0
臺北市中山區中山北路二段１８３號十六樓之５,104029.0
臺北市中山區中山北路二段１８３號十七樓之５,104029.0
臺北市中山區南京東路一段１３巷８號５樓,104010.0
臺北市中山區農安街２８之１號３樓之１,104030.0
臺北市中山區長春路２８號三樓之１２,104010.0
臺北市中山區雙城街4巷2號5樓之9,104028.0
臺北市中山區中山北路二段１８３號三樓之１,104029.0
臺北市中山區中山北路二段１８３號五樓,104029.0
臺北市中山區中山北路二段１８３號六樓之３,104029.0
臺北市中山區中山北路二段１８３號八樓之２,104029.0
臺北市中山區合江街１２７巷３號四樓,104077.0
臺北市中山區長春路321號10樓之1,104709.0
臺北市中山區民生東路一段６５號,104019.0
臺北市中山區中山北路二段１８３號六樓之２,104029.0
臺北市中山區民生東路二段１號十樓之２,104620.0
臺北市中山區復興北路６８巷７號四樓,104104.0
臺北市中山區農安街125巷36號四樓,104034.0
臺北市中山區中山北路二段93巷8號9樓之12,104014.0
臺北市中山區中山北路一段84號13樓,104001.0
臺北市中山區松江路１７０巷９號４樓,104086.0
臺北市中山區八德路二段１００號１５樓,104097.0
臺北市中山區松江路４３１巷２４號,104055.0
臺北市中山區松江路２５巷５號３樓之８,104094.0
臺北市中山區新生北路二段137巷8號5樓之3,104025.0
臺北市中山區龍江路356巷6號5樓,104065.0
臺北市中山區新生北路二段31巷10號二樓,104489.0
臺北市中山區新生北路二段６２巷１２號十七樓之２,104012.0
臺北市中山區林森北路８５巷２號四樓,104009.0
臺北市中山區植福路２８６巷３０號十樓,104053.0
臺北市中山區松江路３８巷５號三樓,104090.0
臺北市中山區民權東路二段１３５巷２９弄９號四樓,104068.0
臺北市中山區明水路５６７號八樓,104047.0
臺北市中山區四平街56號2樓,104074.0
臺北市中山區中山北路一段８４號十二樓之５,104001.0
臺北市中山區民權東路一段７７號三樓,104028.0
臺北市中山區民權西路６３號五樓,104026.0
臺北市中山區民權西路６３號五樓之１,104026.0
臺北市中山區林森北路５６１號七樓之５,104031.0
臺北市中山區樂群二路２６６巷８６號五樓,104053.0
臺北市中山區松江路１８４巷２６弄６號５樓之８,104086.0
臺北市中山區明水路５３９號９樓之２,104047.0
臺北市中山區建國北路二段１４７號８樓之７,104476.0
臺北市中山區龍江路２０９巷２８號４樓,104111.0
臺北市中山區龍江路３９４巷２１號２樓,104060.0
臺北市中山區新生北路二段137巷8號3樓,104025.0
臺北市中山區農安街20號9樓之11,104029.0
臺北市中山區松江路2號8樓,104093.0
臺北市中山區撫順街31號5樓之5,104027.0
臺北市中山區中山北路二段７７巷１１號七樓之１,104011.0
臺北市中山區一江街１１號五樓,104091.0
臺北市中山區中山北路二段１１８號二樓之２,104018.0
臺北市中山區建國北路一段58號2樓,104097.0
臺北市中山區長春路１００號十二樓之２,104489.0
臺北市中山區撫順街４１巷３號六樓之４,104027.0
臺北市中山區新生北路二段36號4樓之3,104612.0
臺北市中山區建國北路一段５８號八樓,104097.0
臺北市中山區建國北路二段35號11樓之2,104082.0
臺北市中山區長安東路一段20號6樓,104006.0
臺北市中山區合江街５５巷９號四樓,104082.0
臺北市中山區中山北路一段105巷20號4樓之2,104003.0
臺北市中山區敬業三路１６２巷７６號９樓,104048.0
臺北市中山區南京東路二段２３號二十二樓之３,104089.0
臺北市中山區遼寧街１８５巷７弄１１號３樓,104105.0
臺北市中山區長安東路一段２０號七樓之５,104006.0
臺北市中山區中山北路二段１７５號八樓,104029.0
臺北市中山區民生東路一段70巷11號4樓之10,104013.0
臺北市中山區撫順街31號5樓之13,104027.0
臺北市中山區建國北路一段41號7樓之2,104099.0
臺北市中山區新生北路二段１０８號１３樓之２５,104624.0
臺北市中山區林森北路481號11樓,104613.0
臺北市中山區天祥路５９號五樓之3,104026.0
臺北市中山區林森北路６１號十一樓,104005.0
臺北市中山區北安路６３０巷１６號十三樓,104047.0
臺北市中山區北安路６３０巷１６號十四樓,104047.0
臺北市中山區北安路６３０巷１８號十三樓,104047.0
臺北市中山區新生北路三段58號6樓,104033.0
臺北市中山區中山北路一段84號6樓,104001.0
臺北市中山區中山北路一段53巷20號5樓之1,104005.0
臺北市中山區吉林路447巷16號3樓,104055.0
臺北市中山區建國北路三段７１號三樓之７,104066.0
臺北市中山區長安東路二段８２號五樓之２,104094.0
臺北市中山區建國北路二段９之２號３樓之２,104108.0
臺北市中山區松江路３１５號７樓,104070.0
臺北市中山區遼寧街101巷25號2樓,104104.0
臺北市中山區基湖路１６６巷１１號２樓,104052.0
臺北市中山區新生北路二段３１之１號１０樓之６,104489.0
臺北市中山區林森北路１３３巷３２號２樓,104008.0
臺北市中山區新生北路三段３４號１０樓之５及１０樓之６,104033.0
臺北市中山區八德路二段210巷10號,104100.0
臺北市中山區松江路４６９巷４５號六樓,104055.0
臺北市中山區北安路655號9樓,104043.0
臺北市中山區民生東路一段８７號四樓之１,104019.0
臺北市中山區中山北路二段７７巷６之２號六樓,104011.0
臺北市中山區敬業三路１６２巷８９號五樓,104050.0
臺北市中山區中山北路二段１８３號十四樓之５,104029.0
臺北市中山區中山北路二段１８３號十六樓之１,104029.0
臺北市中山區中山北路二段１８３號十七樓之１,104029.0
臺北市中山區中山北路二段１８３號五樓之２,104029.0
臺北市中山區中山北路二段１８３號七樓之２,104029.0
臺北市中山區中山北路二段１８３號十二樓之５,104029.0
臺北市中山區民生東路一段２９號八樓之６,104619.0
臺北市中山區新生北路二段６８巷８號2樓,104013.0
臺北市中山區民權西路６５號八樓,104026.0
臺北市中山區新生北路二段74號8樓之7,104013.0
臺北市中山區林森北路432號3樓之2,104014.0
臺北市中山區林森北路432號3樓之1,104014.0
臺北市中山區新生北路三段３４號二樓之２,104033.0
臺北市中山區農安街３４號六樓之５,104030.0
臺北市中山區錦州街１０８號三樓,104024.0
臺北市中山區林森北路289號五樓,104612.0
臺北市中山區林森北路３０６號七樓之６,104010.0
臺北市中山區撫順街15號14樓之1,104026.0
臺北市中山區中山北路一段８３巷１６之１號２樓之３,104003.0
臺北市中山區北安路829號14樓之1,104043.0
臺北市中山區復興北路２９０號４樓之３,104680.0
臺北市中山區建國北路二段９之２號十四樓之８,104108.0
臺北市中山區新生北路3段82巷30號5樓之2,104035.0
臺北市中山區吉林路105號二樓,104085.0
臺北市中山區松江路170巷9號7樓之1,104086.0
臺北市中山區林森北路107巷28號6樓之1,104007.0
臺北市中山區華陰街２４巷４弄４號三樓,104001.0
臺北市中山區復興北路436號6樓之1,104062.0
臺北市中山區中山北路二段６５巷２弄１３號７樓,104011.0
臺北市中山區復興北路５０號九樓之２,104102.0
臺北市中山區中山北路一段５３巷２８號四樓,104005.0
臺北市中山區新生北路二段108號六樓之8,104624.0
臺北市中山區新生北路三段５６巷１號八樓之２,104039.0
臺北市中山區新生北路二段７０號六樓之５,104013.0
臺北市中山區錦西街４之５號九樓之１,104018.0
臺北市中山區北安路578巷8弄7號2樓,104045.0
臺北市中山區林森北路561號十二樓之3,104031.0
臺北市中山區新生北路三段１６號二樓,104033.0
臺北市中山區新生北路三段58號8樓,104033.0
臺北市中山區中山北路二段１１５巷３弄１０號五樓,104014.0
臺北市中山區建國北路二段２５８巷２２號四樓,104071.0
臺北市中山區林森北路263號地下三層,104612.0
臺北市中山區新生北路一段２３號１１樓之１,104093.0
臺北市中山區復興北路280巷10弄1號三樓,104080.0
臺北市中山區新生北路三段４６號６樓之２,104033.0
臺北市中山區長安東路二段３１號６樓之３,104090.0
臺北市中山區新生北路二段６８巷８號11樓之7,104013.0
臺北市中山區新生北路二段６８巷８號9樓之9,104013.0
臺北市中山區錦州街１５９號三樓之３,104624.0
臺北市中山區龍江路394巷46號2樓,104060.0
臺北市中山區八德路二段６６號十樓之４,104097.0
臺北市中山區中山北路二段１８３號六樓,104029.0
臺北市中山區中山北路二段１８３號七樓,104029.0
臺北市中山區中山北路二段１８３號十七樓之２,104029.0
臺北市中山區中山北路二段１８３號十七樓之３,104029.0
臺北市中山區中山北路二段１８３號十一樓之１,104029.0
臺北市中山區龍江路21巷9之3號2樓,104099.0
臺北市中山區新生北路二段７０號六樓之１,104013.0
臺北市中山區長安東路二段２０８號五樓之１,104101.0
臺北市中山區南京東路二段108號10樓之23,104491.0
臺北市中山區龍江路331巷13號五樓,104062.0
臺北市中山區龍江路３９４巷２９號三樓,104060.0
臺北市中山區林森北路85巷77號5樓之7,104009.0
臺北市中山區復興北路７０號九樓之１,104104.0
臺北市中山區民權東路一段６３號九樓,104028.0
臺北市中山區松江路422號13樓,104056.0
臺北市中山區新生北路二段６２巷３４號六樓之５,104012.0
臺北市中山區中山北路二段１７３號八樓,104029.0
臺北市中山區雙城街２５巷２號８樓,104030.0
臺北市中山區南京東路二段216號5樓,104096.0
臺北市中山區松江路５１２號５樓,104054.0
臺北市中山區新生北路３段1號4樓之6,104032.0
臺北市中山區建國北路一段150號五樓之6,104096.0
臺北市中山區新生北路一段106號三樓之10,104007.0
臺北市中山區農安街７７巷９弄１２號三樓,104034.0
臺北市中山區中山北路二段１１８號五樓之７,104018.0
臺北市中山區長安東路一段５６巷１弄１４號二樓,104006.0
臺北市中山區松江路235巷35號4樓之1,104072.0
臺北市中山區中山北路二段８４巷４３號２樓,104017.0
臺北市中山區新生北路三段68巷45之2號3樓,104033.0
臺北市中山區明水路397巷7弄8號6樓,104046.0
臺北市中山區雙城街49巷18號7樓,104031.0
臺北市中山區吉林路91號4樓,104088.0
臺北市中山區林森北路399巷21號10樓之3,104013.0
臺北市中山區明水路３９７巷７弄４２號二樓,104046.0
臺北市中山區松江路139號10樓之1,104072.0
臺北市中山區中山北路二段９３巷１７號６樓之４,104014.0
臺北市中山區大直街２０巷６號２樓,104036.0
臺北市中山區民權東路一段１７號２樓之１,104028.0
臺北市中山區吉林路８巷１２號,104084.0
臺北市中山區南京東路二段８號,104084.0
臺北市中山區錦州街１５９號五樓之４,104624.0
臺北市中山區長安東路二段１１８號十三樓,104094.0
臺北市中山區吉林路１６１巷２１號二樓,104021.0
臺北市中山區建國北路三段７１號十一樓之７,104066.0
臺北市中山區建國北路三段７１號六樓之５,104066.0
臺北市中山區建國北路一段23巷60號9樓之5,104099.0
臺北市中山區民族東路１６２號一樓,104039.0
臺北市中山區遼寧街62巷23號4樓,104104.0
臺北市中山區林森北路107巷62號2樓之1,104007.0
臺北市中山區敬業三路162巷35號六樓,104050.0
臺北市中山區中山北路ㄧ段105巷12號3樓之5,104003.0
臺北市中山區林森北路４１６巷３號四樓之８,104014.0
臺北市中山區建國北路一段５５號五樓之３,104103.0
臺北市中山區撫順街３３之３號,104027.0
臺北市中山區新生北路三段７０號十樓之６,104033.0
臺北市中山區敬業三路162巷77號七樓,104051.0
臺北市中山區長安東路二段１６２之１號２樓,104499.0
臺北市中山區雙城街１８巷９號七樓之３,104039.0
臺北市中山區中山北路1段53巷8號6樓之7,104005.0
臺北市中山區中山北路二段１８３號十三樓之２,104029.0
臺北市中山區中山北路二段１８３號十三樓之３,104029.0
臺北市中山區中山北路二段１８３號四樓之２,104029.0
臺北市中山區中山北路二段１８３號十一樓之５,104029.0
臺北市中山區中山北路二段１８３號十四樓之２,104029.0
臺北市中山區中山北路二段59巷2號5樓之10,104011.0
臺北市中山區農安街２２７巷９弄２２號四樓,104069.0
臺北市中山區農安街77巷9弄48號二樓,104034.0
臺北市中山區松江路４２號三樓之２,104090.0
臺北市中山區合江街５５巷１５號,104082.0
臺北市中山區松江路2號10樓之2,104093.0
臺北市中山區中山北路一段33巷3號五樓,104005.0
臺北市中山區新生北路三段８４巷７號４樓之２,104035.0
臺北市中山區新生北路三段８４巷７號４樓之３,104035.0
臺北市中山區北安路５５４巷２３號３樓,104045.0
臺北市中山區松江路３６２巷５３號４樓,104023.0
臺北市中山區松江路４３１巷７號３樓,104055.0
臺北市中山區農安街２巷２０號３樓之１,104028.0
臺北市中山區長春路285之1號,104110.0
臺北市中山區德惠街３４號三樓之２６、三樓之２７,104030.0
臺北市中山區吉林路６號四樓之１,104084.0
臺北市中山區中山北路二段137巷24之1號5樓之2,104015.0
臺北市中山區林森北路２８９號九樓之１０,104612.0
臺北市中山區新生北路三段８２巷２號九樓之１,104035.0
臺北市中山區新生北路三段85號7樓之一,104033.0
臺北市中山區雙城街４９巷１８號２樓,104031.0
臺北市中山區明水路４８６號３樓,104048.0
臺北市中山區敬業三路１６２巷１０３號９樓,104051.0
臺北市中山區新生北路一段４７巷２７號２樓之１,104093.0
臺北市中山區伊通街１２５巷６之１號３樓,104075.0
臺北市中山區民權東路三段１２號１４樓,104077.0
臺北市中山區合江街１０５巷１９號四樓,104081.0
臺北市中山區新生北路三段５８號四樓之９,104033.0
臺北市中山區農安街２０號１０樓之５,104029.0
臺北市中山區新生北路三段26號10樓之16,104033.0
臺北市中山區合江街３７號九樓,104110.0
臺北市中山區民權東路三段６２號十五樓之２,104679.0
臺北市中山區松江路221巷15號5樓,104072.0
臺北市中山區伊通街１１４號二樓之１,104074.0
臺北市中山區天祥路４７巷１６號二樓,104019.0
臺北市中山區新生北路二段５巷１７號四樓,104089.0
臺北市中山區林森北路４７９號四樓之５,104613.0
臺北市中山區林森北路３０６號十三樓之７,104010.0
臺北市中山區長春路８８號三樓之１１,104012.0
臺北市中山區民權東路三段62號3樓之2,104679.0
臺北市中山區農安街８號８樓之３,104029.0
臺北市中山區林森北路１０７巷６２號５樓之２,104007.0
臺北市中山區林森北路３４９號９樓,104013.0
臺北市中山區復興北路356-1號11樓,104079.0
臺北市中山區中山北路三段３８號八樓,104027.0
臺北市中山區新生北路三段68巷25號4樓 之2,104033.0
臺北市中山區龍江路356巷46號4樓,104065.0
臺北市中山區北安路458巷47弄3號3樓之3,104044.0
臺北市中山區長春路28號4樓之6,104010.0
臺北市中山區農安街２２７巷３４號三樓,104069.0
臺北市中山區中山北路二段５０巷２１號四樓,104416.0
臺北市中山區農安街８號三樓之７,104029.0
臺北市中山區龍江路３９７巷２６號四樓,104063.0
臺北市中山區林森北路286號6樓之5,104010.0
臺北市中山區龍江路３８７巷２１號２樓,104062.0
臺北市中山區新生北路二段６８巷１３號１１樓之３,104013.0
臺北市中山區合江街55巷29號二樓,104082.0
臺北市中山區長春路１００號１０樓之９,104489.0
臺北市中山區合江街70巷19號二樓,104082.0
臺北市中山區長安東路二段５０號二樓,104093.0
臺北市中山區植福路２８６巷２６號二十七樓,104053.0
臺北市中山區雙城街19巷8號六樓之26,104039.0
臺北市中山區松江路273號10樓之6,104072.0
臺北市中山區新生北路三段７０號十樓之２,104033.0
臺北市中山區龍江路３９７巷３３號二樓,104063.0
臺北市中山區敬業一路128巷1號五樓,104051.0
臺北市中山區建國北路一段１５０號九樓之５,104096.0
臺北市中山區民權東路三段62號16樓之1,104679.0
臺北市中山區林森北路５９號四樓,104005.0
臺北市中山區合江街３６巷３５之１號,104082.0
臺北市中山區錦州街１６號七樓之３,104014.0
臺北市中山區北安路５９５巷２弄１號,104041.0
臺北市中山區建國北路二段３４號６樓,104075.0
臺北市中山區長安東路二段１１８之１號５樓,104094.0
臺北市中山區伊通街２號１３樓,104094.0
臺北市中山區林森北路３９９巷２１號１１樓之３,104013.0
臺北市中山區雙城街１３巷２２號４樓,104028.0
臺北市中山區林森北路１２１號１２樓之７,104007.0
臺北市中山區吉林路４４７巷１２號２樓,104055.0
臺北市中山區中山北路二段６５巷９號十樓之４,104011.0
臺北市中山區中山北路二段５９巷２１號十二樓之３,104011.0
臺北市中山區敬業三路162巷128號7樓,104048.0
臺北市中山區中山北路二段１１５巷２５號二樓,104014.0
臺北市中山區民生東路二段115巷28弄18號2樓,104021.0
臺北市中山區新生北路三段１２號五樓,104033.0
臺北市中山區林森北路96號8樓之7,104004.0
臺北市中山區中山北路二段１８３號十二樓之１,104029.0
臺北市中山區新生北路二段96號八樓之9,104624.0
臺北市中山區復興北路190巷25號4樓之3,104109.0
臺北市中山區中山北路一段１２１巷３３號七樓之１,104003.0
臺北市中山區中山北路一段８３巷３６號八樓之２,104003.0
臺北市中山區中山北路二段２６巷１２之２號三樓,104002.0
臺北市中山區新生北路二段６８巷８號10樓之6,104013.0
臺北市中山區民生東路一段７０巷６號七樓之２,104013.0
臺北市中山區雙城街12巷10號3樓,104028.0
臺北市中山區農安街８８號３樓,104034.0
臺北市中山區建國北路三段２２巷１９之１號,104068.0
臺北市中山區南京東路三段１１８號９樓之４,104103.0
臺北市中山區新生北路三段６４號三樓之２,104033.0
臺北市中山區中山北路三段３９號八樓之１２,104029.0
臺北市中山區新生北路二段７４號十一樓,104013.0
臺北市中山區復興北路７８號五樓,104104.0
臺北市中山區雙城街46巷1號,104031.0
臺北市中山區新生北路2段58巷6號5樓之4,104012.0
臺北市中山區林森北路107巷41號7樓之6,104007.0
臺北市中山區中山北路二段16巷25號4樓之2,104002.0
臺北市中山區民生東路三段32號13樓之3,104111.0
臺北市中山區新生北路一段１０８之３號十樓之７,104007.0
臺北市中山區新生北路三段１號十樓之１０,104032.0
臺北市中山區中山區中原街22號4樓之25,104087.0
臺北市中山區長春路378號8樓,104706.0
臺北市中山區樂群二路１４６號三樓,104052.0
臺北市中山區德惠街１８０號四樓,104054.0
臺北市中山區民權東路一段７７號四樓,104028.0
臺北市中山區林森北路９６號十樓之７,104004.0
臺北市中山區松江路２９３之９０１號,104070.0
臺北市中山區吉林路１９９巷８號３樓,104021.0
臺北市中山區復興北路１９０巷１３號十五樓之４,104109.0
臺北市中山區新生北路二段６８巷８號10樓之5,104013.0
臺北市中山區德惠街33號八樓,104031.0
臺北市中山區德惠街33號八樓之一,104031.0
臺北市中山區農安街１２５巷７號三樓,104034.0
臺北市中山區林森北路４７９號三樓之４,104613.0
臺北市中山區遼寧街２２３號七樓之２,104109.0
臺北市中山區建國北路二段258巷27號7樓,104071.0
臺北市中山區雙城街13巷22號十樓,104028.0
臺北市中山區雙城街13巷22號十樓之1,104028.0
臺北市中山區新生北路二段５３之２號八樓,104087.0
臺北市中山區北安路588巷30弄12號6樓,104045.0
臺北市中山區中山北路二段62巷8號3樓,104016.0
臺北市中山區林森北路472號9樓之5,104615.0
臺北市中山區雙城街３巷２號１４樓之３,104628.0
臺北市中山區錦州街８號８樓之１,104014.0
臺北市中山區長安東路一段56巷1弄28號三樓,104006.0
臺北市中山區敬業一路１２８巷５１號３樓之３,104051.0
臺北市中山區德惠街４５號六樓之１１,104631.0
臺北市中山區新生北路一段44號14樓,104609.0
臺北市中山區中山北路一段105巷16號2樓,104003.0
臺北市中山區林森北路２８９號六樓之１,104612.0
臺北市中山區民權東路一段58巷7號6樓,104015.0
臺北市中山區中山北路一段１３５巷２６號二樓之１,104004.0
臺北市中山區建國北路三段７１號五樓之７,104066.0
臺北市中山區市民大道二段67巷38號三樓,104006.0
臺北市中山區新生北路二段４３號五樓之７,104087.0
臺北市中山區中山北路2段27巷5號3樓,104004.0
臺北市中山區新生北路三段６４號２樓之２,104033.0
臺北市中山區龍江路１５５巷１３號６樓,104106.0
臺北市中山區天祥路１６巷１５號７樓之３,104019.0
臺北市中山區林森北路１１９巷８８號１０樓之１,104007.0
臺北市中山區松江路184巷26弄6號7樓之2,104086.0
臺北市中山區民生東路二段119號6樓之1,104621.0
臺北市中山區新生北路二段６６號十一樓之１０,104012.0
臺北市中山區南京東路一段３８號２樓之１,104008.0
臺北市中山區吉林路３９３巷９號三樓,104057.0
臺北市中山區興安街77號四樓之2,104111.0
臺北市中山區德惠街４５號五樓之７,104631.0
臺北市中山區合江街１７巷１５號二樓之１,104110.0
臺北市中山區吉林路１４巷１８之１號,104084.0
臺北市中山區建國北路一段150號11樓之7,104096.0
臺北市中山區龍江路１７９巷１５號三樓,104110.0
臺北市中山區中山北路一段１０５巷１０號六樓之２,104003.0
臺北市中山區北安路669號三樓之2,104043.0
臺北市中山區遼寧街１０１巷２５號４樓之３,104104.0
臺北市中山區中山北路一段１０５巷３號３樓之２,104003.0
臺北市中山區龍江路397巷38號2樓,104063.0
臺北市中山區林森北路409號10樓之7,104613.0
臺北市中山區大直街34巷10號4樓,104036.0
臺北市中山區明水路389號6樓,104046.0
臺北市中山區合江街70巷17號三樓,104082.0
臺北市中山區中山北路二段１１６巷４１號地下,104018.0
臺北市中山區民生東路一段25號八樓之32,104619.0
臺北市中山區林森北路３９９巷１９號七樓之１,104013.0
臺北市中山區中山北路一段８３巷３６號五樓,104003.0
臺北市中山區建國北路三段71號12樓之6,104066.0
臺北市中山區復興北路５１４巷５５號四樓,104063.0
臺北市中山區德惠街45號八樓之24,104631.0
臺北市中山區中山北路一段83巷16之1號4樓之1,104003.0
臺北市中山區錦州街４３２號二樓,104081.0
臺北市中山區新生北路二段68巷8號12樓之9,104013.0
臺北市中山區農安街125巷36號三樓,104034.0
臺北市中山區松江路３號７樓之１,104094.0
臺北市中山區建國北路二段９之２號１２樓之３,104108.0
臺北市中山區錦州街３６３號５樓之２,104077.0
臺北市中山區敬業三路１６１巷２號３樓,104050.0
臺北市中山區敬業三路１６２巷９７號７樓,104051.0
臺北市中山區長安東路二段１１８之３號５樓,104094.0
臺北市中山區錦州街２３巷１之１號五樓,104015.0
臺北市中山區樂群二路１６６號四樓,104052.0
臺北市中山區北安路458巷47弄43號5樓,104044.0
臺北市中山區中山北路二段７７巷１７之４號四樓之２,104011.0
臺北市中山區林森北路85巷66弄2號2樓之2,104009.0
臺北市中山區復興北路４４８號九樓之１０,104062.0
臺北市中山區雙城街3巷2號14樓,104628.0
臺北市中山區松江路１０８巷２０號３樓之３,104091.0
臺北市中山區興安街63號3樓,104111.0
臺北市中山區新生北路三段56巷1號9樓之9,104039.0
臺北市中山區新生北路二段127巷48號,104024.0
臺北市中山區雙城街13巷9號6樓之3,104628.0
臺北市中山區吉林路３４３巷１５號二樓,104057.0
臺北市中山區新生北路二段６８巷８號11樓之11,104013.0
臺北市中山區錦州街５０號十一樓之２１,104013.0
臺北市中山區北安路829號2樓之7,104043.0
臺北市中山區八德路二段319號6樓,104101.0
臺北市中山區龍江路２８６巷１８號２樓,104077.0
臺北市中山區長安西路６號７樓之１,104001.0
臺北市中山區民生東路一段２７巷１１號１１樓,104019.0
臺北市中山區龍江路４１０號２樓,104060.0
臺北市中山區明水路397巷7弄82號八樓,104046.0
臺北市中山區中原街22號5樓之19,104087.0
臺北市中山區新生北路三段58號8樓之5,104033.0
臺北市中山區民生西路16號6樓之2,104017.0
臺北市中山區中山北路二段７７巷３７號十樓之２,104011.0
臺北市中山區新生北路二段６８巷１５號五樓之１１,104013.0
臺北市中山區林森北路557巷3號8樓,104031.0
臺北市中山區農安街6號5樓之10,104029.0
臺北市中山區新生北路二段43號2樓之1,104087.0
臺北市中山區吉林路343巷44號4樓,104057.0
臺北市中山區民權東路一段１７號七樓之１,104028.0
臺北市中山區錦州街３０巷１１號三樓之４,104014.0
臺北市中山區八德路二段319號11樓,104101.0
臺北市中山區農安街138號3樓,104056.0
臺北市中山區新生北路二段３１之１號４樓之６,104489.0
臺北市中山區新生北路二段８１號４樓,104087.0
臺北市中山區林森北路１２１號１０樓之５,104007.0
臺北市中山區松江路５６２號五樓之５,104054.0
臺北市中山區新生北路2段133巷55號3樓,104025.0
臺北市中山區林森北路３９９巷１９號七樓之１,104013.0
臺北市中山區龍江路１２０巷９號七樓之１１,104107.0
臺北市中山區中山北路二段６２巷３號七樓、七樓之１,104016.0
臺北市中山區民權東路三段６８號三樓,104679.0
臺北市中山區德惠街３１號七樓之２,104031.0
臺北市中山區新生北路三段４３號八樓之２５,104632.0
臺北市中山區北安路518巷14弄23號2樓,104044.0
臺北市中山區中山北路二段115巷3弄10號5樓之1、5樓之2,104014.0
臺北市中山區撫順街9號4樓,104026.0
臺北市中山區德惠街５２號八樓之１４,104030.0
臺北市中山區建國北路三段７１號十樓之８,104066.0
臺北市中山區新生北路三段64號6樓之7,104033.0
臺北市中山區北安路４５８巷４７弄５號七樓之２,104044.0
臺北市中山區龍江路１６２號二樓,104110.0
臺北市中山區新生北路二段６８巷１５號七樓之２,104013.0
臺北市中山區松江路2號4樓之2,104093.0
臺北市中山區復興北路４２８號十二樓,104062.0
臺北市中山區長安東路二段１７１號７樓之７,104102.0
臺北市中山區農安街125巷36號七樓,104034.0
臺北市中山區新生北路三段２６號８樓之１７,104033.0
臺北市中山區新生北路2段108號8樓之4,104624.0
臺北市中山區合江街５８巷１９號２樓,104082.0
臺北市中山區新生北路一段１１２號１２樓之５,104007.0
臺北市中山區龍江路２３５號４樓之２,104080.0
臺北市中山區北安路６０８巷４弄６之５號地下二層,104045.0
臺北市中山區五常街１１巷３號六樓,104066.0
臺北市中山區五常街１１巷３號六樓之１,104066.0
臺北市中山區五常街１１巷３號五樓,104066.0
臺北市中山區五常街１１巷３號五樓之１,104066.0
臺北市中山區五常街１１巷３號八樓之2,104066.0
臺北市中山區五常街１１巷３號八樓之3,104066.0
臺北市中山區五常街１１巷３號十二樓之2,104066.0
臺北市中山區五常街１１巷7號十樓之3,104066.0
臺北市中山區五常街１１巷7號九樓之2,104066.0
臺北市中山區五常街１１巷３號十二樓之3,104066.0
臺北市中山區林森北路１３３巷６９號五樓之２,104008.0
臺北市中山區錦州街50號11樓之26,104013.0
臺北市中山區天祥路61巷10號7樓,104026.0
臺北市中山區農安街6號2樓之10,104029.0
臺北市中山區林森北路４７２號二樓之２,104615.0
臺北市中山區新生北路二段６８巷８號10樓之8,104013.0
臺北市中山區林森北路３８１號四樓之７,104013.0
臺北市中山區松江路90巷23號5樓,104091.0
臺北市中山區五常街85號,104064.0
臺北市中山區德惠街１６號七樓之１２,104030.0
臺北市中山區敬業三路１７７巷１號二樓,104050.0
臺北市中山區建國北路一段７號１３樓,104099.0
臺北市中山區林森北路２６３號８樓之９,104612.0
臺北市中山區新生北路二段６２巷３８之３號４樓之１,104012.0
臺北市中山區松江路２０４巷２６號６樓,104086.0
臺北市中山區龍江路３７巷３８號四樓,104102.0
臺北市中山區龍江路３４５巷６號六樓,104062.0
臺北市中山區遼寧街223號2樓之2,104109.0
臺北市中山區林森北路145巷17號5樓,104008.0
臺北市中山區新生北路二段６８巷８號7樓之12,104013.0
臺北市中山區新生北路二段６８巷８號11樓之6,104013.0
臺北市中山區新生北路二段６８巷８號10樓之9,104013.0
臺北市中山區合江街102巷16號3樓,104083.0
臺北市中山區八德路二段６５號,104097.0
臺北市中山區敬業三路162巷164號5樓,104050.0
臺北市中山區民權東路三段60巷3弄11號3樓,104079.0
臺北市中山區龍江路１５３號三樓,104106.0
臺北市中山區興安街77號4樓之2,104111.0
臺北市中山區龍江路２９５巷１號５樓,104078.0
臺北市中山區撫順街２５號１０樓之４,104027.0
臺北市中山區樂群二路１４４號９樓,104052.0
臺北市中山區合江街３６巷１９之１號,104082.0
臺北市中山區林森北路４８１號七樓之２,104613.0
臺北市中山區明水路397巷22號10樓,104046.0
臺北市中山區德惠街４５號八樓之１７,104631.0
臺北市中山區龍江路３３１巷８號四樓,104062.0
臺北市中山區龍江路120巷9號10樓之6及10樓之7,104107.0
臺北市中山區龍江路356巷43號3樓,104065.0
臺北市中山區北安路595巷20弄5號3樓,104041.0
臺北市中山區林森北路107巷81號3樓之1,104007.0
臺北市中山區撫順街25號11樓之2,104027.0
臺北市中山區臺北市中山區林森北路381號五樓之13,104013.0
臺北市中山區松江路２號１３樓之５,104093.0
臺北市中山區五常街１１巷３號四樓,104066.0
臺北市中山區五常街１１巷7號十二樓之1,104066.0
臺北市中山區五常街１１巷9號九樓之2,104066.0
臺北市中山區五常街１１巷3號六樓之3,104066.0
臺北市中山區五常街１１巷5號十樓,104066.0
臺北市中山區五常街１１巷3號九樓之3,104066.0
臺北市中山區五常街１１巷3號十三樓之3,104066.0
臺北市中山區五常街１１巷7號十二樓之3,104066.0
臺北市中山區新生北路二段３６號八樓,104612.0
臺北市中山區復興北路１９０巷１３號１４樓之４,104109.0
臺北市中山區松江路３６２巷４２號７樓,104023.0
臺北市中山區合江街１７０巷１８號３樓,104076.0
臺北市中山區南京東路二段２３號１８樓之１,104089.0
臺北市中山區中山北路二段５９巷２１號１１樓之１１,104011.0
臺北市中山區建國北路二段２５８巷２６號六樓,104071.0
臺北市中山區明水路４８８號六樓,104048.0
臺北市中山區民生西路16號12樓之5,104017.0
臺北市中山區新生北路二段62巷11號10樓之3,104012.0
臺北市中山區合江街116巷25號,104083.0
臺北市中山區林森北路416巷1號七樓之3,104014.0
臺北市中山區撫順街9號6樓之5,104026.0
臺北市中山區長安東路一段20號8樓之6,104006.0
臺北市中山區南京東路三段223巷18號3樓,104106.0
臺北市中山區中山北路三段５５巷２０號七樓,104029.0
臺北市中山區遼寧街１０５巷３５號三樓,104105.0
臺北市中山區中山北路二段20巷15號三樓,104002.0
臺北市中山區中山北路二段62巷22號六樓,104016.0
臺北市中山區民生東路一段72號11樓,104017.0
臺北市中山區建國北路一段5號六樓,104099.0
臺北市中山區新生北路二段108號十一樓之7,104624.0
臺北市中山區農安街２７７號三樓,104069.0
臺北市中山區新生北路二段36號四樓之7,104612.0
臺北市中山區民生東路一段78號二樓之3,104017.0
臺北市中山區農安街２８之１號七樓之８,104030.0
臺北市中山區松江路５６２號四樓之２,104054.0
臺北市中山區中山北路二段１８３號六樓之１,104029.0
臺北市中山區北安路771號三樓,104043.0
臺北市中山區新生北路二段６８巷１５號９樓,104013.0
臺北市中山區敬業三路１６２巷１９８號８樓,104053.0
臺北市中山區建國北路三段113巷31弄23號,104067.0
臺北市中山區新生北路三段８４巷４０號４樓,104035.0
臺北市中山區天祥路６１巷６號６樓,104026.0
臺北市中山區遼寧街１１２號４樓之５,104106.0
臺北市中山區松江路１８４巷２６弄１９號１２樓,104086.0
臺北市中山區遼寧街７６巷６號三樓,104104.0
臺北市中山區新生北路二段７４號９樓之４,104013.0
臺北市中山區雙城街49巷18號4樓之1,104031.0
臺北市中山區建國北路一段５號二十四樓,104099.0
臺北市中山區林森北路３９９巷１９號七樓之１,104013.0
臺北市中山區樂群二路１５２號十樓,104052.0
臺北市中山區民族東路４７０號，470號二樓，470號三樓,104067.0
臺北市中山區五常街１１巷3號十五樓之2,104066.0
臺北市中山區五常街１１巷7號九樓之3,104066.0
臺北市中山區五常街１１巷３號十四樓之2,104066.0
臺北市中山區五常街１１巷３號十四樓之3,104066.0
臺北市中山區五常街１１巷7號十一樓之2,104066.0
臺北市中山區樂群二路２６６巷１１０號十二樓,104053.0
臺北市中山區五常街１１巷3號十一樓之2,104066.0
臺北市中山區錦州街３０巷１１號五樓之１４,104014.0
臺北市中山區五常街７９號二樓,104064.0
臺北市中山區興安街91號8樓之1,104111.0
臺北市中山區南京東路一段１００號四樓,104008.0
臺北市中山區德惠街１６號三樓之８,104030.0
臺北市中山區長安東路一段５３巷１之５號三樓之４,104009.0
臺北市中山區基湖路120巷30弄1號2樓,104052.0
臺北市中山區農安街6號三樓之1,104029.0
臺北市中山區南京東路一段１３２巷１１號２樓,104008.0
臺北市中山區新生北路二段１３３巷１８號６樓之３,104025.0
臺北市中山區雙城街３巷２號７樓之１,104628.0
臺北市中山區天祥路６０巷２４號３樓,104019.0
臺北市中山區長安東路一段２０號５樓之３,104006.0
臺北市中山區朱崙街５０號８樓,104104.0
臺北市中山區吉林路３７９巷１３號,104057.0
臺北市中山區八德路二段８４號三樓,104097.0
臺北市中山區松江路３８巷２號四樓,104090.0
臺北市中山區民生東路一段２５號七樓之１８,104619.0
臺北市中山區大直街66號4樓,104036.0
臺北市中山區德惠街５２號四樓之９,104030.0
臺北市中山區德惠街２號十二樓,104030.0
臺北市中山區松江路１４０巷７之１號,104092.0
臺北市中山區民族東路252巷32號7樓,104067.0
臺北市中山區基湖路157巷9號三樓,104052.0
臺北市中山區新生北路三段８４巷３８號４樓,104035.0
臺北市中山區遼寧街７６巷８號５樓,104104.0
臺北市中山區樂群二路２０６號５樓,104053.0
臺北市中山區林森北路121號三樓,104007.0
臺北市中山區中山北路二段１８３號５樓之２,104029.0
臺北市中山區吉林路４５６巷６號２樓,104035.0
臺北市中山區松江路235巷33號2樓之1,104072.0
臺北市中山區民族東路１６８之１號,104039.0
臺北市中山區北安路573巷8弄6號2樓,104041.0
臺北市中山區新生北路三段５６巷１號３樓之１２,104039.0
臺北市中山區林森北路100號5樓之2,104004.0
臺北市中山區長安東路二段111號13樓,104097.0
臺北市中山區林森北路３６３號九樓之５,104613.0
臺北市中山區林森北路１００號九樓,104004.0
臺北市中山區林森北路１０７巷４３號五樓之２,104007.0
臺北市中山區天祥路16號五樓,104019.0
臺北市中山區長安東路一段83之1號3樓,104009.0
臺北市中山區林森北路３５３巷１９弄５號二樓,104013.0
臺北市中山區復興北路４８６號４樓之４,104062.0
臺北市中山區林森北路452號6樓,104615.0
臺北市中山區天祥路80號8樓之6,104627.0
臺北市中山區樂群二路158號7樓,104052.0
臺北市中山區長安東路一段５６巷７弄１８號二樓,104006.0
臺北市中山區林森北路１０７巷３０號八樓,104007.0
臺北市中山區新生北路二段４０號八樓之８,104612.0
臺北市中山區德惠街３４號１１樓之８及１１樓之９,104030.0
臺北市中山區堤頂大道二段３７８號６樓,104053.0
臺北市中山區松江路330巷53號6樓之3,104023.0
臺北市中山區松江路３６２巷５５號５樓,104023.0
臺北市中山區植福路２８６巷２６號四十二樓,104053.0
臺北市中山區植福路２８６巷２８號四十二樓,104053.0
臺北市中山區五常街11巷7號九樓之1,104066.0
臺北市中山區五常街11巷7號十四樓之1,104066.0
臺北市中山區合江街１１６巷１２號,104083.0
臺北市中山區新生北路二段６８巷８號6樓之12,104013.0
臺北市中山區新生北路二段６８巷８號11樓之5,104013.0
臺北市中山區新生北路三段85號9樓之一,104033.0
臺北市中山區新生北路三段85號7樓,104033.0
臺北市中山區五常街１１巷3號七樓之3,104066.0
臺北市中山區五常街１１巷7號十樓之2,104066.0
臺北市中山區五常街１１巷3號六樓之2,104066.0
臺北市中山區五常街11巷7號九樓,104066.0
臺北市中山區五常街11巷7號十一樓之3,104066.0
臺北市中山區長春路２６號六樓之１６,104010.0
臺北市中山區長安東路二段１６２之１號八樓之１,104499.0
臺北市中山區復興北路４４８號二樓之３,104062.0
臺北市中山區龍江路329號11樓,104062.0
臺北市中山區長春路28號6樓之7,104010.0
臺北市中山區雙城街１３巷２２號五樓之１,104028.0
臺北市中山區中山北路二段６２巷８號七樓、七樓之１,104016.0
臺北市中山區合江街29號6樓之2,104110.0
臺北市中山區吉林路３１５巷２３號四樓,104057.0
臺北市中山區吉林路３１５巷２５號四樓,104057.0
臺北市中山區大直街22號2樓,104036.0
臺北市中山區農安街77巷10號5樓,104034.0
臺北市中山區中山北路二段77巷8號12樓之3,104011.0
臺北市中山區民權東路二段１５２巷６弄１號二樓,104070.0
臺北市中山區四平街１０７號3樓之3,104075.0
臺北市中山區五常街11巷7號十樓之1,104066.0
臺北市中山區五常街11巷7號十樓,104066.0
臺北市中山區五常街11巷5號十樓之2,104066.0
臺北市中山區五常街11巷7號十五樓之1,104066.0
臺北市中山區五常街11巷3號十六樓,104066.0
臺北市中山區五常街11巷3號十六樓之1,104066.0
臺北市中山區五常街11巷3號十六樓之2,104066.0
臺北市中山區五常街11巷3號十六樓之3,104066.0
臺北市中山區五常街11巷5號十五樓,104066.0
臺北市中山區五常街11巷5號十五樓之1,104066.0
臺北市中山區五常街11巷5號十五樓之2,104066.0
臺北市中山區五常街11巷5號十五樓之3,104066.0
臺北市中山區五常街11巷5號十六樓,104066.0
臺北市中山區五常街11巷5號十六樓之1,104066.0
臺北市中山區五常街11巷5號十六樓之2,104066.0
臺北市中山區植福路２８６巷３２號七樓,104053.0
臺北市中山區中山北路二段１６８之５號８樓之２,104027.0
臺北市中山區新生北路二段７２巷２３號２樓之３,104013.0
臺北市中山區敬業三路１６２巷４９號８樓,104051.0
臺北市中山區新生北路二段２８巷１號８樓之１,104012.0
臺北市中山區中山北路二段７７巷１７號７樓之５,104011.0
臺北市中山區明水路４８０號十二樓,104048.0
臺北市中山區民生東路一段７０巷６號五樓之２,104013.0
臺北市中山區長春路198號4樓,104082.0
臺北市中山區中山區遼寧街81巷1號五樓,104101.0
臺北市中山區民族東路552號3樓,104061.0
臺北市中山區新生北路二段６２巷８號十六樓之１,104012.0
臺北市中山區林森北路４８１號八樓之３,104613.0
臺北市中山區龍江路３７０巷７號五樓,104065.0
臺北市中山區明水路５５５號１２樓之８,104047.0
臺北市中山區民生東路一段４８號九樓之５,104011.0
臺北市中山區八德路二段１７４巷１８號二樓,104100.0
臺北市中山區松江路408號8樓,104056.0
臺北市中山區新生北路二段74號六樓之7,104013.0
臺北市中山區中山北路一段１２６巷１４號三樓,104001.0
臺北市中山區龍江路120巷9號四樓之3,104107.0
臺北市中山區南京東路一段１３２巷１２號六樓,104008.0
臺北市中山區雙城街１２巷３號二樓之１,104028.0
臺北市中山區雙城街２３巷１８之１號三樓之３,104030.0
臺北市中山區龍江路283號五樓,104078.0
臺北市中山區中山北路一段83巷5號6樓之13,104003.0
臺北市中山區中山北路一段１０９號２０樓,104003.0
臺北市中山區中山北路一段１１５號２０樓,104003.0
臺北市中山區合江街１２７巷３號三樓之１,104077.0
臺北市中山區北安路４５８巷５１弄１０號三樓,104044.0
臺北市中山區林森北路４０９號１１樓之３８,104613.0
臺北市中山區林森北路85巷39號7樓之8,104009.0
臺北市中山區市民大道三段１６９號６樓之６,104100.0
臺北市中山區北安路６２１巷２８號二樓,104041.0
臺北市中山區中山北路二段１８３巷２２號七樓,104028.0
臺北市中山區五常街53巷8號5樓,104064.0
臺北市中山區德惠街170巷1號3樓之4,104054.0
臺北市中山區中山北路三段５５巷６號８樓之３,104029.0
臺北市中山區市民大道二段６７巷２２號2樓,104006.0
臺北市中山區錦州街374號2樓,104077.0
臺北市中山區中山北路一段53巷26號6樓之1,104005.0
臺北市中山區錦州街30巷11號7樓之15,104014.0
臺北市中山區大直街６７巷１６號,104040.0
臺北市中山區新生北路一段54號五樓,104609.0
臺北市中山區興安街７７號四樓之２,104111.0
臺北市中山區興安街７７號四樓之２,104111.0
臺北市中山區長安東路一段５３巷１之５號五樓之１１,104009.0
臺北市中山區四平街30號5樓,104092.0
臺北市中山區林森北路536號14樓之7,104030.0
臺北市中山區北安路588巷30弄23號2樓,104045.0
臺北市中山區民生東路一段４８號十樓之１,104011.0
臺北市中山區龍江路362號四樓,104065.0
臺北市中山區五常街11巷3號十樓,104066.0
臺北市中山區五常街11巷3號十一樓,104066.0
臺北市中山區新生北路二段６２巷３８之３號三樓之１,104012.0
臺北市中山區通北街１２０號９樓,104036.0
臺北市中山區新生北路二段６６號２樓之２２,104012.0
臺北市中山區中山北路二段６５巷１６號二樓之２,104011.0
臺北市中山區林森北路４８１號十樓之８,104613.0
臺北市中山區新生北路三段93巷21號2樓,104033.0
臺北市中山區北安路573巷2弄9號4樓,104041.0
臺北市中山區中山北路二段77巷8號5樓之7,104011.0
臺北市中山區新生北路三段８８巷２１號三樓,104035.0
臺北市中山區松江路418號4樓,104056.0
臺北市中山區林森北路２５９巷９號５樓之１３,104012.0
臺北市中山區民族東路６０號七樓之３,104039.0
臺北市中山區民權東路一段７２號二樓及７２號二樓之１至二樓之１１,104615.0
臺北市中山區中山北路一段１０５巷２０號四樓之３,104003.0
臺北市中山區林森北路２６３號１１樓之１０,104612.0
臺北市中山區合江街１８０巷８號,104076.0
臺北市中山區撫順街6之1號6樓之四,104026.0
臺北市中山區民生東路1段70巷6號4樓,104013.0
臺北市中山區明水路５７３號２樓,104047.0
臺北市中山區德惠街105巷6號4樓,104034.0
臺北市中山區中山北路二段３６巷３４號２樓,104016.0
臺北市中山區林森北路479號3樓之6,104613.0
臺北市中山區八德路二段88巷3號四樓,104097.0
臺北市中山區林森北路１０５號三樓之２,104007.0
臺北市中山區建國北路三段７５巷５號三樓,104066.0
臺北市中山區龍江路252號2樓之4,104081.0
臺北市中山區松江路164巷63號2樓之1,104088.0
臺北市中山區松江路184巷26弄6號6樓,104086.0
臺北市中山區吉林路８號３樓,104084.0
臺北市中山區新生北路二段６８巷８號4樓之10,104013.0
臺北市中山區長春路28號九樓之7,104010.0
臺北市中山區新生北路二段８９號三樓,104087.0
臺北市中山區新生北路二段９６號八樓之２０,104624.0
臺北市中山區中山北路二段１８３號八樓之５,104029.0
臺北市中山區中山北路二段65巷2弄19號,104011.0
臺北市中山區北安路630巷25弄5號7樓,104047.0
臺北市中山區林森北路85巷66弄2號3樓之2,104009.0
臺北市中山區中山北路二段62巷8號四樓、8號四樓之1,104016.0
臺北市中山區雙城街46巷17號六樓之3,104031.0
臺北市中山區北安路８２９號１４樓之２,104043.0
臺北市中山區南京東路二段２３號１８樓,104089.0
臺北市中山區民生東路二段８３號五樓之３１,104620.0
臺北市中山區新生北路三段４３號十一樓之１８,104632.0
臺北市中山區吉林路１０號七樓之１,104084.0
臺北市中山區松江路６４巷１１號二樓,104090.0
臺北市中山區松江路３８巷２５號十樓,104090.0
臺北市中山區民權東路一段７２號十樓之４,104615.0
臺北市中山區新生北路三段62巷20號7樓,104033.0
臺北市中山區龍江路328巷16號4樓,104064.0
臺北市中山區復興北路５１４巷２１號三樓,104063.0
臺北市中山區林森北路432號6樓之7,104014.0
臺北市中山區通北街65巷2弄12號7樓,104037.0
臺北市中山區吉林路411號6樓之5,104055.0
臺北市中山區基湖路１３７號三樓,104052.0
臺北市中山區新生北路二段108號十二樓之24,104624.0
臺北市中山區建國北路三段７１號六樓之３,104066.0
臺北市中山區八德路二段３１９號十樓,104101.0
臺北市中山區植福路２８６巷２８號二十四樓,104053.0
臺北市中山區大直街34巷6號,104036.0
臺北市中山區林森北路１２１號１３樓之１３,104007.0
臺北市中山區長春路２３５號１２樓,104110.0
臺北市中山區龍江路３７７巷１０號３樓,104062.0
臺北市中山區明水路３９７巷７弄５９號３樓之２,104046.0
臺北市中山區中山北路二段７２巷１９號７樓,104016.0
臺北市中山區德惠街１６號四樓之８,104030.0
臺北市中山區長安東路一段56巷1弄38號4樓,104006.0
臺北市中山區長春路３２１號十樓之１,104709.0
臺北市中山區安東街2之2號5樓,104098.0
臺北市中山區八德路二段174巷9弄9號3樓,104100.0
臺北市中山區林森北路481號6樓之2,104613.0
臺北市中山區建國北路一段41號6樓之2,104099.0
臺北市中山區松江路305號3樓,104070.0
臺北市中山區中山北路二段93巷19號二樓、二樓之1,104014.0
臺北市中山區民族東路512巷13弄47號3樓,104061.0
臺北市中山區新生北路一段54號3樓之3,104609.0
臺北市中山區新生北路二段72巷23號8樓之2,104013.0
臺北市中山區錦州街363號3樓之1,104077.0
臺北市中山區一江街５４號三樓之１,104088.0
臺北市中山區五常街11巷9號九樓,104066.0
臺北市中山區五常街８１號三樓,104064.0
臺北市中山區新生北路二段66號七樓之29,104012.0
臺北市中山區吉林路４０７巷１６號３樓,104055.0
臺北市中山區新生北路三段５８號８樓之４,104033.0
臺北市中山區長安東路一段６５巷１６號６樓,104009.0
臺北市中山區新生北路三段２３號５樓之３,104032.0
臺北市中山區龍江路３７巷２０號３樓,104102.0
臺北市中山區松江路１８４巷２６弄２１號１１樓,104086.0
臺北市中山區長安東路二段１６２號３樓,104499.0
臺北市中山區龍江路４２９巷１８號四樓,104061.0
臺北市中山區八德路二段２５１號七樓之１,104101.0
臺北市中山區林森北路399巷19號十二樓之3,104013.0
臺北市中山區中山北路二段５９巷２１號六樓之１,104011.0
臺北市中山區吉林路174巷7之1號,104085.0
臺北市中山區中山北路一段84號12樓,104001.0
臺北市中山區合江街17巷5號4樓,104110.0
臺北市中山區新生北路二段１４５號五樓,104025.0
臺北市中山區林森北路289號6樓之15,104612.0
臺北市中山區德惠街170巷1號二樓之4,104054.0
臺北市中山區新生北路三段４３號十一樓之５,104632.0
臺北市中山區南京東路一段１３２巷１８號７樓之１,104008.0
臺北市中山區正義里林森北路147號6樓之6,104008.0
臺北市中山區民生東路三段３２號１０樓之２,104111.0
臺北市中山區長春路９７號１２樓,104087.0
臺北市中山區新生北路二段６０巷５５號,104012.0
臺北市中山區四平街５６號二樓之３,104074.0
臺北市中山區北安路６２１巷１號六樓,104041.0
臺北市中山區民族東路２５６號３樓,104067.0
臺北市中山區北安路633號4樓,104042.0
臺北市中山區長安東路一段５６巷７弄２０之１號四樓,104006.0
臺北市中山區農安街166巷5號5樓,104068.0
臺北市中山區中山北路二段４２巷１８號八樓之３,104016.0
臺北市中山區中山北路二段４２巷１８號二樓,104016.0
臺北市中山區中山北路二段４２巷１８號二樓之１,104016.0
臺北市中山區中山北路二段４２巷１８號二樓之２,104016.0
臺北市中山區中山北路二段４２巷１８號四樓,104016.0
臺北市中山區中山北路二段４２巷１８號四樓之１,104016.0
臺北市中山區中山北路二段４２巷１８號四樓之３,104016.0
臺北市中山區中山北路二段４２巷１８號七樓,104016.0
臺北市中山區中山北路二段４２巷１８號三樓之３,104016.0
臺北市中山區中山北路二段４２巷１８號三樓之２,104016.0
臺北市中山區中山北路二段４２巷１８號四樓之２,104016.0
臺北市中山區中山北路二段４２巷１８號六樓之１,104016.0
臺北市中山區中山北路二段４２巷１８號六樓之２,104016.0
臺北市中山區中山北路二段４２巷１８號五樓,104016.0
臺北市中山區中山北路二段４２巷１８號五樓之１,104016.0
臺北市中山區中山北路一段84號5樓之1,104001.0
臺北市中山區中山北路二段１８３號三樓之２,104029.0
臺北市中山區合江街61巷3號2樓,104083.0
臺北市中山區長春路247號12樓之2,104110.0
臺北市中山區雙城街３８之１號五樓,104031.0
臺北市中山區基湖路145巷18號三樓,104052.0
臺北市中山區基湖路145巷18號五樓,104052.0
臺北市中山區基湖路145巷18號四樓,104052.0
臺北市中山區基湖路145巷18號七樓,104052.0
臺北市中山區植福路２８６巷３８號１７樓,104053.0
臺北市中山區大直街３９巷２號二樓,104040.0
臺北市中山區四平街５６號二樓之１,104074.0
臺北市中山區四平街５６號二樓之２,104074.0
臺北市中山區中山北路二段５９巷２１號３樓之１９,104011.0
臺北市中山區北安路８３７號２樓,104043.0
臺北市中山區新生北路三段８５號４樓,104033.0
臺北市中山區中山北路二段１１８號十樓之１,104018.0
臺北市中山區中山北路二段１１８號五樓之５,104018.0
臺北市中山區中山北路二段７７巷35號7樓、35號7樓之1,104011.0
臺北市中山區中山北路二段１８３巷９、９之１、９之２、９之３號,104028.0
臺北市中山區通北街１１５號四樓,104037.0
臺北市中山區松江路170巷34號7樓之3,104086.0
臺北市中山區錦州街２０４號二樓,104022.0
臺北市中山區中山北路二段77巷8號6樓之4,104011.0
臺北市中山區五常街11巷3號十四樓,104066.0
臺北市中山區中山北路一段１３５巷８號六樓,104004.0
臺北市中山區林森北路１０５號三樓,104007.0
臺北市中山區建國北路一段４１號十四樓之３,104099.0
臺北市中山區中山北路二段４２巷１８號三樓,104016.0
臺北市中山區中山北路二段４２巷１８號三樓之１,104016.0
臺北市中山區中山北路二段４２巷１８號六樓之３,104016.0
臺北市中山區中山北路二段４２巷１８號八樓,104016.0
臺北市中山區中山北路二段４２巷１８號八樓之２,104016.0
臺北市中山區建國北路三段７１號三樓之３,104066.0
臺北市中山區新生北路一段８１號３樓之１,104084.0
臺北市中山區中山北路三段２８號５樓,104027.0
臺北市中山區中山北路一段140巷17號4樓,104001.0
臺北市中山區松江路２７３號１１樓之３,104072.0
臺北市中山區天津街66號地下,104004.0
臺北市中山區林森北路105號4樓,104007.0
臺北市中山區林森北路４８１號十三樓之３,104613.0
臺北市中山區中山北路二段１２８巷９號二樓之３,104018.0
臺北市中山區龍江路５５巷８號４樓,104102.0
臺北市中山區農安街107號3樓,104034.0
臺北市中山區明水路526巷50號7樓之1,104048.0
臺北市中山區新生北路三段６８巷１０號三樓之１,104033.0
臺北市中山區新生北路二段７６號六樓之５,104013.0
臺北市中山區民權東路一段７２號十樓之６,104615.0
臺北市中山區農安街２３７號五樓,104069.0
臺北市中山區雙城街２５巷２號６樓,104030.0
臺北市中山區新生北路三段56巷1號7樓之8,104039.0
臺北市中山區龍江路278號4樓,104077.0
臺北市中山區松江路330巷53號3樓之7,104023.0
臺北市中山區民權東路三段１０號六樓之１,104077.0
臺北市中山區新生北路二段３６號八樓之１,104612.0
臺北市中山區林森北路85巷77號七樓之1,104009.0
臺北市中山區新生北路二段２８巷３號十樓之２,104012.0
臺北市中山區五常街11巷5號八樓之3,104066.0
臺北市中山區五常街11巷3號十五樓之3,104066.0
臺北市中山區五常街11巷3號三樓之2,104066.0
臺北市中山區林森北路557巷3號3樓,104031.0
臺北市中山區長春路２３５號１２樓之１,104110.0
臺北市中山區松江路362巷83號5樓,104023.0
臺北市中山區林森北路561號十二樓之3,104031.0
臺北市中山區新生北路二段38號4樓之1,104612.0
臺北市中山區大直街５７巷９之４號二樓,104040.0
臺北市中山區基湖路145巷18號六樓,104052.0
臺北市中山區民權東路一段70巷15號4樓,104015.0
臺北市中山區八德路二段２４５號五樓之５,104101.0
臺北市中山區林森北路５９２之２號,104630.0
臺北市中山區民權東路二段２６號十樓,104425.0
臺北市中山區新生北路三段68巷25號五樓之3,104033.0
臺北市中山區農安街227巷11號3樓,104069.0
臺北市中山區吉林路４２６之２號,104035.0
臺北市中山區中山北路二段４２巷１８號六樓,104016.0
臺北市中山區植福路２８６巷２８號十四樓,104053.0
臺北市中山區植福路２８６巷２６號三十四樓,104053.0
臺北市中山區林森北路１２１號１０樓之１,104007.0
臺北市中山區新生北路二段１３３巷２７號２樓,104025.0
臺北市中山區林森北路119巷58號4樓之1,104007.0
臺北市中山區吉林路161巷23號,104021.0
臺北市中山區中山北路二段７２巷９號２樓之３,104016.0
臺北市中山區新生北路三段６８巷１０號５樓之１,104033.0
臺北市中山區長春路88號十二樓之8,104012.0
臺北市中山區中山北路二段７７巷２號三樓之５,104011.0
臺北市中山區長安東路２段178號5樓之3,104101.0
臺北市中山區林森北路538號4樓之3,104030.0
臺北市中山區林森北路２８９號六樓之１,104612.0
臺北市中山區長安西路１９巷２弄１９之２號四樓,104001.0
臺北市中山區新生北路二段９６號八樓之２２,104624.0
臺北市中山區雙城街25巷3號8樓,104030.0
臺北市中山區北安路６６９號六樓之１,104043.0
臺北市中山區林森北路３１０巷２３號四樓,104011.0
臺北市中山區新生北路二段７３號七樓之８,104087.0
臺北市中山區八德路二段２５１號七樓之１,104101.0
臺北市中山區民權東路三段46號4樓之2,104078.0
臺北市中山區市民大道三段５號,104009.0
臺北市中山區大直街21巷10號5樓,104040.0
臺北市中山區復興北路472號7樓之1,104062.0
臺北市中山區長安東路二段１６６號８樓,104099.0
臺北市中山區吉林路１２之６號４樓,104084.0
臺北市中山區新生北路三段3巷43號三樓,104032.0
臺北市中山區北安路６３０巷９弄２２號３樓,104047.0
臺北市中山區基湖路１２０巷３號５樓,104052.0
臺北市中山區德惠街４５號８樓之１６,104631.0
臺北市中山區新生北路二段51號18樓,104087.0
臺北市中山區基湖路151巷35號3樓之1,104052.0
臺北市中山區松江路77巷2號2樓之7,104095.0
臺北市中山區林森北路381號7樓之7,104013.0
臺北市中山區新生北路二段１０８號十四樓之３,104624.0
臺北市中山區五常街79號二樓,104064.0
臺北市中山區中山北路二段７７巷６之３號九樓,104011.0
臺北市中山區中山北路一段８３巷３２號七樓之３,104003.0
臺北市中山區建國北路三段141號3樓之1,104067.0
臺北市中山區新生北路二段４３號七樓之８,104087.0
臺北市中山區吉林路8號十二樓之1,104084.0
臺北市中山區農安街227巷3弄22之1號二樓,104069.0
臺北市中山區遼寧街１０１巷２弄１１號,104104.0
臺北市中山區復興北路１９０巷１３號十一樓,104109.0
臺北市中山區復興北路４７２號五樓,104062.0
臺北市中山區合江街１７０巷２號一樓,104076.0
臺北市中山區德惠街5之1號3樓,104031.0
臺北市中山區北安路６３０巷１６號十七樓,104047.0
臺北市中山區新生北路二段１４１巷２５號二樓,104025.0
臺北市中山區新生北路二段１４１巷２６號２樓,104025.0
臺北市中山區新生北路一段９０號２樓之１,104609.0
臺北市中山區明水路３９７巷１８弄６號４樓,104046.0
臺北市中山區松江路７７巷２號４樓之６,104095.0
臺北市中山區雙城街２８巷１６號５樓之４,104030.0
臺北市中山區新生北路三段２３號１１樓之７,104032.0
臺北市中山區林森北路５３６號８樓之５,104030.0
臺北市中山區雙城街１０巷２１號５樓,104028.0
臺北市中山區龍江路２２３巷１２號四樓之１,104111.0
臺北市中山區民生東路二段127巷6號4樓之1,104621.0
臺北市中山區林森北路85巷11號三樓之3,104009.0
臺北市中山區新生北路二段１０８號十一樓之２３,104624.0
臺北市中山區林森北路２８９號九樓之１０,104612.0
臺北市中山區德惠街16號4樓之4,104030.0
臺北市中山區林森北路409號11樓之38,104613.0
臺北市中山區合江街78號四樓,104082.0
臺北市中山區松江路１００巷１０號,104091.0
臺北市中山區中山北路二段115巷11號四樓之11,104014.0
臺北市中山區五常街11巷7號十一樓,104066.0
臺北市中山區五常街11巷7號十五樓之3,104066.0
臺北市中山區八德路二段100號20樓,104097.0
臺北市中山區天祥路47巷16號二樓,104019.0
臺北市中山區中山北路一段８３巷１６之１號四樓,104003.0
臺北市中山區中山北路二段59巷45號10樓之11,104011.0
臺北市中山區民族東路５１２巷１３弄４９號三樓,104061.0
臺北市中山區新生北路二段６２巷８號十四樓之１,104012.0
臺北市中山區合江街127巷3號5樓之1,104077.0
臺北市中山區松江路１００巷１９號２樓之１,104091.0
臺北市中山區長春路８８號４樓之１１,104012.0
臺北市中山區新生北路三段3巷41號三樓,104032.0
臺北市中山區北安路６０８巷５弄１６號２樓之３,104045.0
臺北市中山區中山北路二段１２３號１１樓,104015.0
臺北市中山區松江路７７巷２號３樓之１１,104095.0
臺北市中山區松江路64巷22號6樓,104090.0
臺北市中山區松江路４０２巷８弄１１號二樓,104056.0
臺北市中山區松江路85巷7之1號4樓,104095.0
臺北市中山區新生北路二段１０８號十二樓之７,104624.0
臺北市中山區新生北路二段６２巷１１號十五樓之１,104012.0
臺北市中山區農安街１４６號四樓,104056.0
臺北市中山區錦州街５０號十二樓之１７,104013.0
臺北市中山區中山北路二段16巷25號三樓之2,104002.0
臺北市中山區伊通街８７巷７號,104075.0
臺北市中山區樂群二路１４８號,104052.0
臺北市中山區建國北路三段４２號十二樓,104068.0
臺北市中山區中山北路二段１８３號四樓之３,104029.0
臺北市中山區林森北路２８９號九樓之１１,104612.0
臺北市中山區建國北路三段１１５號三樓,104067.0
臺北市中山區撫順街３３號二樓之１,104027.0
臺北市中山區龍江路342巷53號5樓,104065.0
臺北市中山區民權東路一段４８號五樓之９,104615.0
臺北市中山區松江路１號１２樓之３,104094.0
臺北市中山區松江路１００巷１９號２樓,104091.0
臺北市中山區德惠街155號4樓,104054.0
臺北市中山區雙城街3巷2號5樓之8,104628.0
臺北市中山區新生北路二段６８巷８號11樓之12,104013.0
臺北市中山區北安路５３９之１號三樓,104044.0
臺北市中山區北安路546號3樓,104044.0
臺北市中山區中山北路二段93巷8號12樓之1,104014.0
臺北市中山區建國北路三段６２號二樓,104069.0
臺北市中山區松江路293之1111號,104070.0
臺北市中山區樂群二路３０巷３０號四樓,104048.0
臺北市中山區建國北路二段9之2號4樓之5,104108.0
臺北市中山區林森北路561號六樓之6,104031.0
臺北市中山區中山北路二段77巷8號十四樓,104011.0
臺北市中山區德惠街５２號９樓之１,104030.0
臺北市中山區松江路２６巷８號４樓之１,104093.0
臺北市中山區復興北路４７２號八樓之１,104062.0
臺北市中山區復興北路514巷46號4樓,104063.0
臺北市中山區林森北路４１３號六樓之３,104013.0
臺北市中山區中山北路三段３８號三樓之１,104027.0
臺北市中山區南京東路三段８９巷２７弄１５號十五樓,104107.0
臺北市中山區北安路６３０巷９弄１５號,104047.0
臺北市中山區復興北路４８８巷２５號,104063.0
臺北市中山區新生北路二段62巷8號18樓之1,104012.0
臺北市中山區植福路286巷32號24樓,104053.0
臺北市中山區林森北路１０７巷４１號六樓之７,104007.0
臺北市中山區長安東路一段５６巷７弄２８號三樓之１,104006.0
臺北市中山區明水路397巷7弄8號4樓之1,104046.0
臺北市中山區民權東路三段72號4樓之1,104679.0
臺北市中山區中山北路二段１１５巷２４號１１樓之２,104615.0
臺北市中山區林森北路８５巷３６號二樓之４,104009.0
臺北市中山區中山北路二段２７巷２之１號地下一、二、三、四樓,104004.0
臺北市中山區長安東路一段１０１號八樓之１,104009.0
臺北市中山區松江路９９號二樓,104095.0
臺北市中山區五常街11巷3號十五樓之1,104066.0
臺北市中山區五常街11巷5號七樓之1,104066.0
臺北市中山區五常街11巷3號四樓之1,104066.0
臺北市中山區五常街11巷3號四樓之2,104066.0
臺北市中山區農安街28之1號六樓,104030.0
臺北市中山區長春路146號四樓,104088.0
臺北市中山區中山北路二段59巷21號七樓之12,104011.0
臺北市中山區龍江路４４３巷１之２號五樓,104061.0
臺北市中山區長安東路二段162之1號3樓之1,104499.0
臺北市中山區中山北路二段４２巷１８號五樓之２,104016.0
臺北市中山區中山北路二段４２巷１８號五樓之３,104016.0
臺北市中山區明水路609號二樓之1,104047.0
臺北市中山區吉林路407巷2號,104055.0
臺北市中山區民生東路一段２５號七樓之２４,104619.0
臺北市中山區松江路４６９巷１號二樓之３,104055.0
臺北市中山區龍江路３５６巷４８號二樓,104065.0
臺北市中山區通北街７７號,104037.0
臺北市中山區植福路２８６巷３８號二十四樓,104053.0
臺北市中山區復興北路１７６號４樓之１,104509.0
臺北市中山區明水路４７９號６樓,104046.0
臺北市中山區德惠街３４號１１樓之４,104030.0
臺北市中山區德惠街１０號８樓之４,104030.0
臺北市中山區新生北路一段１１０號２樓,104007.0
臺北市中山區龍江路１４９巷７之２號５樓,104106.0
臺北市中山區德惠街５２號十樓之１２,104030.0
臺北市中山區龍江路151號2樓,104106.0
臺北市中山區龍江路318巷28號5樓,104064.0
臺北市中山區龍江路１６６號四樓,104110.0
臺北市中山區龍江路１６６號二樓,104110.0
臺北市中山區龍江路１６２號二樓,104110.0
臺北市中山區新生北路三段１號十四樓之１７,104032.0
臺北市中山區錦州街30巷11號九樓之23,104014.0
臺北市中山區林森北路50號十一樓之6,104404.0
臺北市中山區中山北路二段５９巷４５號十三樓之７,104011.0
臺北市中山區松江路２８９之９０８號,104070.0
臺北市中山區新生北路二段３６號十樓之６,104612.0
臺北市中山區北安路805巷2號3樓之7,104643.0
臺北市中山區德惠街18號7樓之2,104030.0
臺北市中山區民生東路一段48號九樓之6,104011.0
臺北市中山區建國北路二段33巷1號7樓,104082.0
臺北市中山區新生北路二段６８巷８號11樓之3,104013.0
臺北市中山區新生北路二段６８巷８號10樓之3,104013.0
臺北市中山區林森北路１０７巷８１號７樓之６,104007.0
臺北市中山區中山北路一段１０５巷２１號３樓之６,104003.0
臺北市中山區五常街11巷3號十五樓,104066.0
臺北市中山區中山北路二段93巷8號二樓之3,104014.0
臺北市中山區新生北路一段１０８之３號十樓,104007.0
臺北市中山區明水路397巷22號10樓,104046.0
臺北市中山區林森北路289號7樓之11,104612.0
臺北市中山區林森北路289號7樓之10,104612.0
臺北市中山區林森北路289號7樓之9,104612.0
臺北市中山區松江路９５之１號十樓之７,104095.0
臺北市中山區林森北路289號7樓之14,104612.0
臺北市中山區松江路１００巷６號,104091.0
臺北市中山區基湖路151巷35號2樓之5,104052.0
臺北市中山區林森北路289號7樓之12,104612.0
臺北市中山區龍江路１２０巷９號六樓之１３,104107.0
臺北市中山區長安東路一段５６巷１弄５５號三樓,104006.0
臺北市中山區松江路２５巷１之５號,104094.0
臺北市中山區雙城街４６巷１７號六樓之２,104031.0
臺北市中山區中原街２２號六樓之４,104087.0
臺北市中山區農安街８號九樓之１,104029.0
臺北市中山區民權東路三段５６號９樓之１,104678.0
臺北市中山區民生東路二段１２７巷１３號３樓,104021.0
臺北市中山區農安街６號３樓之９,104029.0
臺北市中山區德惠街４５號９樓之４,104631.0
臺北市中山區德惠街45號9樓之5,104631.0
臺北市中山區明水路４７５巷１９號３樓之２,104046.0
臺北市中山區民生東路二段１２７巷７號五樓,104021.0
臺北市中山區民權東路一段６１號七樓,104028.0
臺北市中山區長春路８８號十二樓之９,104012.0
臺北市中山區八德路二段66號5樓之4,104097.0
臺北市中山區新生北路二段66號9樓之8,104012.0
臺北市中山區復興北路458號十一樓,104062.0
臺北市中山區伊通街１１４號三樓,104074.0
臺北市中山區林森北路５８５號二樓,104031.0
臺北市中山區林森北路653號6樓之1,104031.0
臺北市中山區長安東路一段５６巷７弄２８號二樓之１,104006.0
臺北市中山區林森北路４８1號8樓之4,104613.0
臺北市中山區林森北路３９９巷２１號十樓之３,104013.0
臺北市中山區民權東路一段３１號十樓,104028.0
臺北市中山區長安東路二段１１８之３號四樓,104094.0
臺北市中山區林森北路１４５巷１號,104008.0
臺北市中山區新生北路二段68巷9號5樓之7,104013.0
臺北市中山區林森北路263號10樓之11,104612.0
臺北市中山區民權東路三段72號9樓之2,104679.0
臺北市中山區中山北路二段４２巷１８號七樓之１,104016.0
臺北市中山區中山北路二段４２巷１８號七樓之２,104016.0
臺北市中山區中山北路二段４２巷１８號七樓之３,104016.0
臺北市中山區錦州街４２７號二樓,104079.0
臺北市中山區長安東路一段５１號五樓之２,104009.0
臺北市中山區長安東路二段118之3號3樓,104094.0
臺北市中山區林森北路４１６巷１號九樓,104014.0
臺北市中山區明水路399號3樓,104046.0
臺北市中山區明水路399號2樓,104046.0
臺北市中山區中山北路二段１４７號七樓,104015.0
臺北市中山區中山北路一段８３巷１６之１號３樓之７,104003.0
臺北市中山區長春路３６８號１５樓,104706.0
臺北市中山區龍江路415巷22號3樓,104063.0
臺北市中山區五常街11巷5號七樓之3,104066.0
臺北市中山區建國北路二段３４號四樓之１,104075.0
臺北市中山區民權東路一段５７之１號四樓,104028.0
臺北市中山區民權東路一段５７之１號五樓,104028.0
臺北市中山區民權東路一段５７之１號六樓,104028.0
臺北市中山區民權東路一段５７號七樓,104028.0
臺北市中山區民權東路一段５９之１號七樓,104028.0
臺北市中山區民權東路一段５７之１號八樓,104028.0
臺北市中山區民權東路一段６１號八樓,104028.0
臺北市中山區民權東路一段５９之１號九樓,104028.0
臺北市中山區民權東路一段５７號二樓,104028.0
臺北市中山區民權東路一段５７號三樓,104028.0
臺北市中山區民權東路一段５９號三樓,104028.0
臺北市中山區雙城街１３巷１１之１號三樓,104628.0
臺北市中山區民權東路一段７７號十四樓,104028.0
臺北市中山區建國北路三段82號七樓,104069.0
臺北市中山區新生北路二段137巷8號4樓之5,104025.0
臺北市中山區民權東路一段６１之１號八樓,104028.0
臺北市中山區民權東路一段５９號七樓,104028.0
臺北市中山區民權東路一段５９號九樓,104028.0
臺北市中山區新生北路三段５６巷１０號五樓之６,104039.0
臺北市中山區新生北路三段１０號七樓之５,104033.0
臺北市中山區南京東路三段194巷5號5樓之1,104105.0
臺北市中山區長春路６２號九樓之４,104012.0
臺北市中山區北安路458巷39號5樓,104044.0
臺北市中山區新生北路一段１０８之３號１０樓之１,104007.0
臺北市中山區松江路５１２號９樓,104054.0
臺北市中山區松江路４２２號９樓,104056.0
臺北市中山區長安東路一段６５巷２０號４樓,104009.0
臺北市中山區林森北路107巷46號3樓之1,104007.0
臺北市中山區林森北路263號11樓之8,104612.0
臺北市中山區長安東路二段１６號七樓之２,104093.0
臺北市中山區北安路630巷25弄13號4樓,104047.0
臺北市中山區敬業三路162巷80號9樓,104048.0
臺北市中山區民生東路二段3號11樓之1,104020.0
臺北市中山區新生北路三段８４巷２０號,104035.0
臺北市中山區通北街１３２巷１０號,104036.0
臺北市中山區通北街１１８巷９號四樓,104036.0
臺北市中山區長安東路二段１８９號二樓之５,104102.0
臺北市中山區民權東路一段58巷7號3樓,104015.0
臺北市中山區明水路397巷18弄6號11樓,104046.0
臺北市中山區興安街７７號２樓,104111.0
臺北市中山區中山北路二段１２８巷３０號７樓,104018.0
臺北市中山區中山北路二段２７巷１７號８樓之１５,104004.0
臺北市中山區松江路４３號１３樓之４,104094.0
臺北市中山區堤頂大道二段２４２號,104053.0
臺北市中山區植福路２８６巷３２號四樓,104053.0
臺北市中山區新生北路一段40號12樓,104009.0
臺北市中山區中山北路二段１６８號十四樓之１,104027.0
臺北市中山區長安東路二段１１８號十二樓,104094.0
臺北市中山區新生北路三段４３號五樓之２８,104632.0
臺北市中山區撫順街１５號六樓,104026.0
臺北市中山區民生東路二段１１５巷２５弄１２號,104021.0
臺北市中山區龍江路120巷9號7樓之3,104107.0
臺北市中山區錦州街５０號七樓之２７,104013.0
臺北市中山區雙城街47之1號2樓,104031.0
臺北市中山區敬業三路162巷70號3樓,104048.0
臺北市中山區中山北路一段83巷22號4樓之4,104003.0
臺北市中山區農安街１８７號五樓,104056.0
臺北市中山區中原街２２號四樓之８,104087.0
臺北市中山區林森北路５３６號十三樓之８,104030.0
臺北市中山區德惠街34號11樓之20,104030.0
臺北市中山區錦州街30巷11號5樓之15,104014.0
臺北市中山區農安街８號２樓,104029.0
臺北市中山區長春路１３７巷３號６樓之３,104088.0
臺北市中山區北安路５８８巷３０弄２０號４樓,104045.0
臺北市中山區天祥路80號5樓之2,104627.0
臺北市中山區北安路５５１巷１８號二樓,104044.0
臺北市中山區民生東路三段88巷28號2樓之2,104112.0
臺北市中山區中山北路ㄧ段105巷12號2樓,104003.0
臺北市中山區中山北路ㄧ段105巷12號4樓之5,104003.0
臺北市中山區中山北路ㄧ段105巷12號3樓之3,104003.0
臺北市中山區中山北路ㄧ段105巷12號3樓之6,104003.0
臺北市中山區中山北路ㄧ段105巷12號3樓之1,104003.0
臺北市中山區南京東路三段89巷27弄3號10樓,104107.0
臺北市中山區龍江路120巷9號6樓之12,104107.0
臺北市中山區新生北路二段62巷16號三樓之2,104012.0
臺北市中山區中山北路二段８５巷１號二樓之２,104014.0
臺北市中山區德惠街３２號３樓之３,104030.0
臺北市中山區松江路18號6樓之3,104093.0
臺北市中山區中山北路一段３３巷７號五樓之４,104005.0
臺北市中山區植福路２８６巷３０號二十二樓,104053.0
臺北市中山區民生東路二段147巷12弄1號2樓,104073.0
臺北市中山區建國北路二段9之2號5樓之1,104108.0
臺北市中山區安東街19號6樓,104098.0
臺北市中山區林森北路483號8樓,104613.0
臺北市中山區林森北路４０９號五樓之９,104613.0
臺北市中山區新生北路一段54號13樓之3,104609.0
臺北市中山區農安街9號3樓之4,104029.0
臺北市中山區中山北路二段３９巷１０號五樓之２,104010.0
臺北市中山區民權東路2段135巷33號4樓,104068.0
臺北市中山區復興北路６２號三樓之２,104104.0
臺北市中山區北安路６２１巷１３號３樓,104041.0
臺北市中山區復興北路２８８號１２樓之２,104680.0
臺北市中山區長安東路一段５８號６樓,104006.0
臺北市中山區民權東路一段５７之１號九樓,104028.0
臺北市中山區新生北路三段８５號三樓,104033.0
臺北市中山區民權東路一段５７號六樓,104028.0
臺北市中山區新生北路二段１０８號六樓之１３,104624.0
臺北市中山區新生北路二段１０８號六樓之１２,104624.0
臺北市中山區建國北路二段9之2號5樓之2,104108.0
臺北市中山區新生北路二段４３號五樓之３,104087.0
臺北市中山區民權東路一段５７之１號七樓,104028.0
臺北市中山區民權東路一段５９之１號四樓,104028.0
臺北市中山區民權東路一段５７號五樓,104028.0
臺北市中山區民權東路一段５９之１號五樓,104028.0
臺北市中山區民權東路一段５７之１號二樓,104028.0
臺北市中山區民權東路一段５９之１號三樓,104028.0
臺北市中山區民權東路一段６１之１號三樓,104028.0
臺北市中山區復興北路430巷32號7樓,104062.0
臺北市中山區新生北路二段28巷3號8樓,104012.0
臺北市中山區天祥路82號6樓,104627.0
臺北市中山區合江街３７號六樓，３９號六樓,104110.0
臺北市中山區新生北路三段10號5樓之2,104033.0
臺北市中山區長安東路二段162之1號9樓之1,104499.0
臺北市中山區大直街59號2樓,104040.0
臺北市中山區林森北路４０９號五樓之７,104613.0
臺北市中山區新生北路二段６８巷８號十樓之１３,104013.0
臺北市中山區復興北路４８８巷１１號五樓,104063.0
臺北市中山區民權東路一段６１號九樓,104028.0
臺北市中山區民權東路一段５９之１號十樓,104028.0
臺北市中山區民權東路一段６１號十樓,104028.0
臺北市中山區民權東路一段５９之１號十一樓,104028.0
臺北市中山區民權東路一段６１號十一樓,104028.0
臺北市中山區民權東路一段５７之１號十樓,104028.0
臺北市中山區林森北路１０７巷８１號７樓之１,104007.0
臺北市中山區敬業三路162巷89號五樓,104050.0
臺北市中山區民生東路二段115巷28弄2號3樓,104021.0
臺北市中山區新生北路三段88巷44號4樓,104035.0
臺北市中山區德惠街３４號七樓之２４、３４號七樓之２５,104030.0
臺北市中山區新生北路三段２６號八樓之１３,104033.0
臺北市中山區新生北路三段２６號八樓之１２,104033.0
臺北市中山區農安街２０號五樓之６,104029.0
臺北市中山區雙城街７巷１０號三樓,104028.0
臺北市中山區新生北路二段７３號五樓,104087.0
臺北市中山區明水路３９７巷２０號三樓,104046.0
臺北市中山區民權東路三段２１號五樓之９,104078.0
臺北市中山區建國北路三段７１號六樓之７,104066.0
臺北市中山區建國北路三段７１號五樓之５,104066.0
臺北市中山區五常街11巷3號十樓之2,104066.0
臺北市中山區長安東路二段１０５號１１樓之２,104097.0
臺北市中山區中山北路一段72號八樓之8,104001.0
臺北市中山區民生東路三段８８巷２０號１１樓之１,104112.0
臺北市中山區民生東路二段８３號７樓之２,104620.0
臺北市中山區南京東路二段１０８號１０樓之８,104491.0
臺北市中山區建國北路三段７０號３樓,104069.0
臺北市中山區八德路二段２１０巷８號５樓,104100.0
臺北市中山區吉林路６號十四樓,104084.0
臺北市中山區復興北路４４８號四樓之７,104062.0
臺北市中山區龍江路１４７號四樓之３,104106.0
臺北市中山區朱崙街７３號三樓,104104.0
臺北市中山區中山北路一段83巷20號7樓之1,104003.0
臺北市中山區松江路25巷5號2樓之1,104094.0
臺北市中山區中山區農安街34號五樓之16,104030.0
臺北市中山區新生北路二段40號十四樓之8,104612.0
臺北市中山區龍江路２２３巷２號四樓,104111.0
臺北市中山區中山北路二段59巷21號5樓之10,104011.0
臺北市中山區五常街11巷5號十四樓之3,104066.0
臺北市中山區雙城街３巷２號十三樓之５,104628.0
臺北市中山區新生北路三段８５號５樓,104033.0
臺北市中山區松江路235巷32號4樓,104072.0
臺北市中山區吉林路４７４號４樓,104035.0
臺北市中山區民權東路一段６１號三樓,104028.0
臺北市中山區林森北路４３０號六樓,104014.0
臺北市中山區天祥路８６巷１２號二樓,104027.0
臺北市中山區南京東路二段108號6樓之26,104491.0
臺北市中山區明水路539號2樓之1,104047.0
臺北市中山區中山北路一段５３巷１２號七樓之３,104005.0
臺北市中山區林森北路４０９號六樓之２０,104613.0
臺北市中山區北安路621巷6弄2號3樓之1,104041.0
臺北市中山區中山北路一段84號4樓之8,104001.0
臺北市中山區大直街８７號二樓,104042.0
臺北市中山區長安東路一段５６巷７弄２０號三樓,104006.0
臺北市中山區松江路140巷10號3樓,104092.0
臺北市中山區農安街125巷36號三樓之1,104034.0
臺北市中山區松江路５３２號七樓,104054.0
臺北市中山區新生北路二段１３７巷３４號,104025.0
臺北市中山區明水路５３９號六樓之１,104047.0
臺北市中山區新生北路三段７６號８樓,104033.0
臺北市中山區復興北路７０號三樓之１,104104.0
臺北市中山區雙城街４３巷７號三樓之４,104031.0
臺北市中山區明水路５９１號四樓之２,104047.0
臺北市中山區民權東路一段５７之１號三樓,104028.0
臺北市中山區長安東路一段５３巷１之５號五樓之７,104009.0
臺北市中山區中山北路二段１８３號八樓,104029.0
臺北市中山區北安路595巷2弄16號,104041.0
臺北市中山區中山北路二段72巷9號2樓之7,104016.0
臺北市中山區敬業三路１６２巷３７號,104050.0
臺北市中山區北安路５７８巷８弄３號四樓,104045.0
臺北市中山區伊通街129號6樓之3,104075.0
臺北市中山區民權東路一段６１號五樓,104028.0
臺北市中山區民權東路一段６１之１號十一樓,104028.0
臺北市中山區民權東路一段５９之１號六樓,104028.0
臺北市中山區民權東路一段６１之１號四樓,104028.0
臺北市中山區民權東路一段６１之１號九樓,104028.0
臺北市中山區五常街11巷9號十樓,104066.0
臺北市中山區民權東路一段６１號六樓,104028.0
臺北市中山區民權東路一段６１之１號七樓,104028.0
臺北市中山區民權東路一段５９之１號八樓,104028.0
臺北市中山區民權東路一段６１之１號五樓,104028.0
臺北市中山區民權東路一段６１號四樓,104028.0
臺北市中山區大直街20巷32號3樓,104036.0
臺北市中山區松江路26巷14號2樓,104093.0
臺北市中山區明水路５９７號３樓之１,104047.0
臺北市中山區錦州街５０號８樓之１６,104013.0
臺北市中山區民生東路一段４８號十二樓之９,104011.0
臺北市中山區德惠街１６號七樓之１２,104030.0
臺北市中山區中山北路二段５９巷４５號九樓之１１,104011.0
臺北市中山區松江路8號5樓之1,104093.0
臺北市中山區松江路26巷8號4樓之1,104093.0
臺北市中山區中山北路一段８４號十樓之２,104001.0
臺北市中山區松江路２０６號十四樓之２,104486.0
臺北市中山區復興北路３８０巷２４號二樓,104079.0
臺北市中山區南京東路一段１３２巷３０號六樓之１,104008.0
臺北市中山區民權東路二段１３５巷１６號六樓之４,104068.0
臺北市中山區中山北路二段５９巷４５號三樓,104011.0
臺北市中山區民權東路一段５９號四樓,104028.0
臺北市中山區民權東路一段６１之１號二樓,104028.0
臺北市中山區民權東路一段６１號二樓,104028.0
臺北市中山區民權東路一段５９之１號二樓,104028.0
臺北市中山區民權東路一段５７之１號十一樓,104028.0
臺北市中山區長春路210號六樓之4,104108.0
臺北市中山區長春路７８號１２樓之４,104012.0
臺北市中山區明水路575號十五樓,104047.0
臺北市中山區明水路575號十六樓,104047.0
臺北市中山區松江路４６巷１２號３樓,104090.0
臺北市中山區新生北路三段８２巷１８號５樓之２,104035.0
臺北市中山區中山北路二段120號5樓,104018.0
臺北市中山區南京東路二段１０８號九樓,104491.0
臺北市中山區農安街77巷2號,104034.0
臺北市中山區長安東路一段８３之１號４樓,104009.0
臺北市中山區五常街1號二樓,104066.0
臺北市中山區農安街6號9樓,104029.0
臺北市中山區松江路362巷42號6樓之6,104023.0
臺北市中山區新生北路二段47號十六樓,104087.0
臺北市中山區中原街４１號四樓之４,104087.0
臺北市中山區建國北路二段９之２號４樓,104108.0
臺北市中山區堤頂大道二段２４６巷９號四樓,104053.0
臺北市中山區中山北路二段５９巷２１號六樓之８,104011.0
臺北市中山區天祥路80號八樓之4,104627.0
臺北市中山區中山北路二段１１８之１號七樓,104018.0
臺北市中山區新生北路一段４７巷１２號四樓,104093.0
臺北市中山區遼寧街105巷35號2樓,104105.0
臺北市中山區伊通街１０６巷４號３樓,104074.0
臺北市中山區長安東路一段５６巷７弄２８號３樓之２,104006.0
臺北市中山區新生北路三段85號五樓之1,104033.0
臺北市中山區德惠街３４號六樓之２４,104030.0
臺北市中山區中山北路二段１１８號十三樓之１,104018.0
臺北市中山區建國北路三段７１號四樓之１,104066.0
臺北市中山區北安路６０８巷８號７樓,104045.0
臺北市中山區北安路608巷5弄18號6樓之1,104045.0
臺北市中山區中山北路一段８３巷２０號４樓之４,104003.0
臺北市中山區敬業三路162巷17號7樓,104050.0
臺北市中山區林森北路96號九樓之4,104004.0
